v4_1,Data Marking,mmm-yy,Time,countries,Geography,sic-unofficial,UnofficialStandardIndustrialClassification,type-of-prices,Prices,seasonal-adjustment,SeasonalAdjustment
87.1,,Jan-09,Jan-09,K03000001,Great Britain,all-retailing-including-automotive-fuel,All retailing including automotive fuel,chained-volume-of-retail-sales,Chained volume of retail sales,seasonal-adjustment,Seasonally Adjusted
0.8,,Jan-09,Jan-09,K03000001,Great Britain,all-retailing-including-automotive-fuel,All retailing including automotive fuel,chained-volume-percentage-change-on-previous-month,Chained volume - Percentage change on previous month,seasonal-adjustment,Seasonally Adjusted
-2.0,,Feb-09,Feb-09,K03000001,Great Britain,all-retailing-including-automotive-fuel,All retailing including automotive fuel,chained-volume-percentage-change-on-previous-month,Chained volume - Percentage change on previous month,seasonal-adjustment,Seasonally Adjusted
85.4,,Feb-09,Feb-09,K03000001,Great Britain,all-retailing-including-automotive-fuel,All retailing including automotive fuel,chained-volume-of-retail-sales,Chained volume of retail sales,seasonal-adjustment,Seasonally Adjusted
85.8,,Mar-09,Mar-09,K03000001,Great Britain,all-retailing-including-automotive-fuel,All retailing including automotive fuel,chained-volume-of-retail-sales,Chained volume of retail sales,seasonal-adjustment,Seasonally Adjusted
0.5,,Mar-09,Mar-09,K03000001,Great Britain,all-retailing-including-automotive-fuel,All retailing including automotive fuel,chained-volume-percentage-change-on-previous-month,Chained volume - Percentage change on previous month,seasonal-adjustment,Seasonally Adjusted
0.5,,Apr-09,Apr-09,K03000001,Great Britain,all-retailing-including-automotive-fuel,All retailing including automotive fuel,chained-volume-percentage-change-on-previous-month,Chained volume - Percentage change on previous month,seasonal-adjustment,Seasonally Adjusted
86.2,,Apr-09,Apr-09,K03000001,Great Britain,all-retailing-including-automotive-fuel,All retailing including automotive fuel,chained-volume-of-retail-sales,Chained volume of retail sales,seasonal-adjustment,Seasonally Adjusted
86.3,,May-09,May-09,K03000001,Great Britain,all-retailing-including-automotive-fuel,All retailing including automotive fuel,chained-volume-of-retail-sales,Chained volume of retail sales,seasonal-adjustment,Seasonally Adjusted
0.1,,May-09,May-09,K03000001,Great Britain,all-retailing-including-automotive-fuel,All retailing including automotive fuel,chained-volume-percentage-change-on-previous-month,Chained volume - Percentage change on previous month,seasonal-adjustment,Seasonally Adjusted
0.7,,Jun-09,Jun-09,K03000001,Great Britain,all-retailing-including-automotive-fuel,All retailing including automotive fuel,chained-volume-percentage-change-on-previous-month,Chained volume - Percentage change on previous month,seasonal-adjustment,Seasonally Adjusted
86.9,,Jun-09,Jun-09,K03000001,Great Britain,all-retailing-including-automotive-fuel,All retailing including automotive fuel,chained-volume-of-retail-sales,Chained volume of retail sales,seasonal-adjustment,Seasonally Adjusted
87.3,,Jul-09,Jul-09,K03000001,Great Britain,all-retailing-including-automotive-fuel,All retailing including automotive fuel,chained-volume-of-retail-sales,Chained volume of retail sales,seasonal-adjustment,Seasonally Adjusted
0.4,,Jul-09,Jul-09,K03000001,Great Britain,all-retailing-including-automotive-fuel,All retailing including automotive fuel,chained-volume-percentage-change-on-previous-month,Chained volume - Percentage change on previous month,seasonal-adjustment,Seasonally Adjusted
87.3,,Aug-09,Aug-09,K03000001,Great Britain,all-retailing-including-automotive-fuel,All retailing including automotive fuel,chained-volume-of-retail-sales,Chained volume of retail sales,seasonal-adjustment,Seasonally Adjusted
0.1,,Aug-09,Aug-09,K03000001,Great Britain,all-retailing-including-automotive-fuel,All retailing including automotive fuel,chained-volume-percentage-change-on-previous-month,Chained volume - Percentage change on previous month,seasonal-adjustment,Seasonally Adjusted
-0.2,,Sep-09,Sep-09,K03000001,Great Britain,all-retailing-including-automotive-fuel,All retailing including automotive fuel,chained-volume-percentage-change-on-previous-month,Chained volume - Percentage change on previous month,seasonal-adjustment,Seasonally Adjusted
87.2,,Sep-09,Sep-09,K03000001,Great Britain,all-retailing-including-automotive-fuel,All retailing including automotive fuel,chained-volume-of-retail-sales,Chained volume of retail sales,seasonal-adjustment,Seasonally Adjusted
0.4,,Oct-09,Oct-09,K03000001,Great Britain,all-retailing-including-automotive-fuel,All retailing including automotive fuel,chained-volume-percentage-change-on-previous-month,Chained volume - Percentage change on previous month,seasonal-adjustment,Seasonally Adjusted
87.5,,Oct-09,Oct-09,K03000001,Great Britain,all-retailing-including-automotive-fuel,All retailing including automotive fuel,chained-volume-of-retail-sales,Chained volume of retail sales,seasonal-adjustment,Seasonally Adjusted
-0.6,,Nov-09,Nov-09,K03000001,Great Britain,all-retailing-including-automotive-fuel,All retailing including automotive fuel,chained-volume-percentage-change-on-previous-month,Chained volume - Percentage change on previous month,seasonal-adjustment,Seasonally Adjusted
86.9,,Nov-09,Nov-09,K03000001,Great Britain,all-retailing-including-automotive-fuel,All retailing including automotive fuel,chained-volume-of-retail-sales,Chained volume of retail sales,seasonal-adjustment,Seasonally Adjusted
-0.9,,Dec-09,Dec-09,K03000001,Great Britain,all-retailing-including-automotive-fuel,All retailing including automotive fuel,chained-volume-percentage-change-on-previous-month,Chained volume - Percentage change on previous month,seasonal-adjustment,Seasonally Adjusted
86.1,,Dec-09,Dec-09,K03000001,Great Britain,all-retailing-including-automotive-fuel,All retailing including automotive fuel,chained-volume-of-retail-sales,Chained volume of retail sales,seasonal-adjustment,Seasonally Adjusted
83.4,,Jan-10,Jan-10,K03000001,Great Britain,all-retailing-including-automotive-fuel,All retailing including automotive fuel,chained-volume-of-retail-sales,Chained volume of retail sales,seasonal-adjustment,Seasonally Adjusted
-3.1,,Jan-10,Jan-10,K03000001,Great Britain,all-retailing-including-automotive-fuel,All retailing including automotive fuel,chained-volume-percentage-change-on-previous-month,Chained volume - Percentage change on previous month,seasonal-adjustment,Seasonally Adjusted
2.9,,Feb-10,Feb-10,K03000001,Great Britain,all-retailing-including-automotive-fuel,All retailing including automotive fuel,chained-volume-percentage-change-on-previous-month,Chained volume - Percentage change on previous month,seasonal-adjustment,Seasonally Adjusted
85.8,,Feb-10,Feb-10,K03000001,Great Britain,all-retailing-including-automotive-fuel,All retailing including automotive fuel,chained-volume-of-retail-sales,Chained volume of retail sales,seasonal-adjustment,Seasonally Adjusted
-0.7,,Mar-10,Mar-10,K03000001,Great Britain,all-retailing-including-automotive-fuel,All retailing including automotive fuel,chained-volume-percentage-change-on-previous-month,Chained volume - Percentage change on previous month,seasonal-adjustment,Seasonally Adjusted
85.2,,Mar-10,Mar-10,K03000001,Great Britain,all-retailing-including-automotive-fuel,All retailing including automotive fuel,chained-volume-of-retail-sales,Chained volume of retail sales,seasonal-adjustment,Seasonally Adjusted
85.6,,Apr-10,Apr-10,K03000001,Great Britain,all-retailing-including-automotive-fuel,All retailing including automotive fuel,chained-volume-of-retail-sales,Chained volume of retail sales,seasonal-adjustment,Seasonally Adjusted
0.5,,Apr-10,Apr-10,K03000001,Great Britain,all-retailing-including-automotive-fuel,All retailing including automotive fuel,chained-volume-percentage-change-on-previous-month,Chained volume - Percentage change on previous month,seasonal-adjustment,Seasonally Adjusted
85.9,,May-10,May-10,K03000001,Great Britain,all-retailing-including-automotive-fuel,All retailing including automotive fuel,chained-volume-of-retail-sales,Chained volume of retail sales,seasonal-adjustment,Seasonally Adjusted
0.3,,May-10,May-10,K03000001,Great Britain,all-retailing-including-automotive-fuel,All retailing including automotive fuel,chained-volume-percentage-change-on-previous-month,Chained volume - Percentage change on previous month,seasonal-adjustment,Seasonally Adjusted
85.9,,Jun-10,Jun-10,K03000001,Great Britain,all-retailing-including-automotive-fuel,All retailing including automotive fuel,chained-volume-of-retail-sales,Chained volume of retail sales,seasonal-adjustment,Seasonally Adjusted
0.1,,Jun-10,Jun-10,K03000001,Great Britain,all-retailing-including-automotive-fuel,All retailing including automotive fuel,chained-volume-percentage-change-on-previous-month,Chained volume - Percentage change on previous month,seasonal-adjustment,Seasonally Adjusted
0.3,,Jul-10,Jul-10,K03000001,Great Britain,all-retailing-including-automotive-fuel,All retailing including automotive fuel,chained-volume-percentage-change-on-previous-month,Chained volume - Percentage change on previous month,seasonal-adjustment,Seasonally Adjusted
86.2,,Jul-10,Jul-10,K03000001,Great Britain,all-retailing-including-automotive-fuel,All retailing including automotive fuel,chained-volume-of-retail-sales,Chained volume of retail sales,seasonal-adjustment,Seasonally Adjusted
0.1,,Aug-10,Aug-10,K03000001,Great Britain,all-retailing-including-automotive-fuel,All retailing including automotive fuel,chained-volume-percentage-change-on-previous-month,Chained volume - Percentage change on previous month,seasonal-adjustment,Seasonally Adjusted
86.2,,Aug-10,Aug-10,K03000001,Great Britain,all-retailing-including-automotive-fuel,All retailing including automotive fuel,chained-volume-of-retail-sales,Chained volume of retail sales,seasonal-adjustment,Seasonally Adjusted
85.3,,Sep-10,Sep-10,K03000001,Great Britain,all-retailing-including-automotive-fuel,All retailing including automotive fuel,chained-volume-of-retail-sales,Chained volume of retail sales,seasonal-adjustment,Seasonally Adjusted
-1.1,,Sep-10,Sep-10,K03000001,Great Britain,all-retailing-including-automotive-fuel,All retailing including automotive fuel,chained-volume-percentage-change-on-previous-month,Chained volume - Percentage change on previous month,seasonal-adjustment,Seasonally Adjusted
85.8,,Oct-10,Oct-10,K03000001,Great Britain,all-retailing-including-automotive-fuel,All retailing including automotive fuel,chained-volume-of-retail-sales,Chained volume of retail sales,seasonal-adjustment,Seasonally Adjusted
0.5,,Oct-10,Oct-10,K03000001,Great Britain,all-retailing-including-automotive-fuel,All retailing including automotive fuel,chained-volume-percentage-change-on-previous-month,Chained volume - Percentage change on previous month,seasonal-adjustment,Seasonally Adjusted
-0.1,,Nov-10,Nov-10,K03000001,Great Britain,all-retailing-including-automotive-fuel,All retailing including automotive fuel,chained-volume-percentage-change-on-previous-month,Chained volume - Percentage change on previous month,seasonal-adjustment,Seasonally Adjusted
85.7,,Nov-10,Nov-10,K03000001,Great Britain,all-retailing-including-automotive-fuel,All retailing including automotive fuel,chained-volume-of-retail-sales,Chained volume of retail sales,seasonal-adjustment,Seasonally Adjusted
-2.0,,Dec-10,Dec-10,K03000001,Great Britain,all-retailing-including-automotive-fuel,All retailing including automotive fuel,chained-volume-percentage-change-on-previous-month,Chained volume - Percentage change on previous month,seasonal-adjustment,Seasonally Adjusted
84.0,,Dec-10,Dec-10,K03000001,Great Britain,all-retailing-including-automotive-fuel,All retailing including automotive fuel,chained-volume-of-retail-sales,Chained volume of retail sales,seasonal-adjustment,Seasonally Adjusted
85.5,,Jan-11,Jan-11,K03000001,Great Britain,all-retailing-including-automotive-fuel,All retailing including automotive fuel,chained-volume-of-retail-sales,Chained volume of retail sales,seasonal-adjustment,Seasonally Adjusted
1.8,,Jan-11,Jan-11,K03000001,Great Britain,all-retailing-including-automotive-fuel,All retailing including automotive fuel,chained-volume-percentage-change-on-previous-month,Chained volume - Percentage change on previous month,seasonal-adjustment,Seasonally Adjusted
85.0,,Feb-11,Feb-11,K03000001,Great Britain,all-retailing-including-automotive-fuel,All retailing including automotive fuel,chained-volume-of-retail-sales,Chained volume of retail sales,seasonal-adjustment,Seasonally Adjusted
-0.6,,Feb-11,Feb-11,K03000001,Great Britain,all-retailing-including-automotive-fuel,All retailing including automotive fuel,chained-volume-percentage-change-on-previous-month,Chained volume - Percentage change on previous month,seasonal-adjustment,Seasonally Adjusted
85.0,,Mar-11,Mar-11,K03000001,Great Britain,all-retailing-including-automotive-fuel,All retailing including automotive fuel,chained-volume-of-retail-sales,Chained volume of retail sales,seasonal-adjustment,Seasonally Adjusted
0.1,,Mar-11,Mar-11,K03000001,Great Britain,all-retailing-including-automotive-fuel,All retailing including automotive fuel,chained-volume-percentage-change-on-previous-month,Chained volume - Percentage change on previous month,seasonal-adjustment,Seasonally Adjusted
1.4,,Apr-11,Apr-11,K03000001,Great Britain,all-retailing-including-automotive-fuel,All retailing including automotive fuel,chained-volume-percentage-change-on-previous-month,Chained volume - Percentage change on previous month,seasonal-adjustment,Seasonally Adjusted
86.2,,Apr-11,Apr-11,K03000001,Great Britain,all-retailing-including-automotive-fuel,All retailing including automotive fuel,chained-volume-of-retail-sales,Chained volume of retail sales,seasonal-adjustment,Seasonally Adjusted
-2.0,,May-11,May-11,K03000001,Great Britain,all-retailing-including-automotive-fuel,All retailing including automotive fuel,chained-volume-percentage-change-on-previous-month,Chained volume - Percentage change on previous month,seasonal-adjustment,Seasonally Adjusted
84.5,,May-11,May-11,K03000001,Great Britain,all-retailing-including-automotive-fuel,All retailing including automotive fuel,chained-volume-of-retail-sales,Chained volume of retail sales,seasonal-adjustment,Seasonally Adjusted
-0.2,,Jun-11,Jun-11,K03000001,Great Britain,all-retailing-including-automotive-fuel,All retailing including automotive fuel,chained-volume-percentage-change-on-previous-month,Chained volume - Percentage change on previous month,seasonal-adjustment,Seasonally Adjusted
84.3,,Jun-11,Jun-11,K03000001,Great Britain,all-retailing-including-automotive-fuel,All retailing including automotive fuel,chained-volume-of-retail-sales,Chained volume of retail sales,seasonal-adjustment,Seasonally Adjusted
84.7,,Jul-11,Jul-11,K03000001,Great Britain,all-retailing-including-automotive-fuel,All retailing including automotive fuel,chained-volume-of-retail-sales,Chained volume of retail sales,seasonal-adjustment,Seasonally Adjusted
0.4,,Jul-11,Jul-11,K03000001,Great Britain,all-retailing-including-automotive-fuel,All retailing including automotive fuel,chained-volume-percentage-change-on-previous-month,Chained volume - Percentage change on previous month,seasonal-adjustment,Seasonally Adjusted
-0.2,,Aug-11,Aug-11,K03000001,Great Britain,all-retailing-including-automotive-fuel,All retailing including automotive fuel,chained-volume-percentage-change-on-previous-month,Chained volume - Percentage change on previous month,seasonal-adjustment,Seasonally Adjusted
84.5,,Aug-11,Aug-11,K03000001,Great Britain,all-retailing-including-automotive-fuel,All retailing including automotive fuel,chained-volume-of-retail-sales,Chained volume of retail sales,seasonal-adjustment,Seasonally Adjusted
84.7,,Sep-11,Sep-11,K03000001,Great Britain,all-retailing-including-automotive-fuel,All retailing including automotive fuel,chained-volume-of-retail-sales,Chained volume of retail sales,seasonal-adjustment,Seasonally Adjusted
0.3,,Sep-11,Sep-11,K03000001,Great Britain,all-retailing-including-automotive-fuel,All retailing including automotive fuel,chained-volume-percentage-change-on-previous-month,Chained volume - Percentage change on previous month,seasonal-adjustment,Seasonally Adjusted
0.9,,Oct-11,Oct-11,K03000001,Great Britain,all-retailing-including-automotive-fuel,All retailing including automotive fuel,chained-volume-percentage-change-on-previous-month,Chained volume - Percentage change on previous month,seasonal-adjustment,Seasonally Adjusted
85.5,,Oct-11,Oct-11,K03000001,Great Britain,all-retailing-including-automotive-fuel,All retailing including automotive fuel,chained-volume-of-retail-sales,Chained volume of retail sales,seasonal-adjustment,Seasonally Adjusted
85.1,,Nov-11,Nov-11,K03000001,Great Britain,all-retailing-including-automotive-fuel,All retailing including automotive fuel,chained-volume-of-retail-sales,Chained volume of retail sales,seasonal-adjustment,Seasonally Adjusted
-0.4,,Nov-11,Nov-11,K03000001,Great Britain,all-retailing-including-automotive-fuel,All retailing including automotive fuel,chained-volume-percentage-change-on-previous-month,Chained volume - Percentage change on previous month,seasonal-adjustment,Seasonally Adjusted
0.8,,Dec-11,Dec-11,K03000001,Great Britain,all-retailing-including-automotive-fuel,All retailing including automotive fuel,chained-volume-percentage-change-on-previous-month,Chained volume - Percentage change on previous month,seasonal-adjustment,Seasonally Adjusted
85.8,,Dec-11,Dec-11,K03000001,Great Britain,all-retailing-including-automotive-fuel,All retailing including automotive fuel,chained-volume-of-retail-sales,Chained volume of retail sales,seasonal-adjustment,Seasonally Adjusted
85.4,,Jan-12,Jan-12,K03000001,Great Britain,all-retailing-including-automotive-fuel,All retailing including automotive fuel,chained-volume-of-retail-sales,Chained volume of retail sales,seasonal-adjustment,Seasonally Adjusted
-0.4,,Jan-12,Jan-12,K03000001,Great Britain,all-retailing-including-automotive-fuel,All retailing including automotive fuel,chained-volume-percentage-change-on-previous-month,Chained volume - Percentage change on previous month,seasonal-adjustment,Seasonally Adjusted
-1.0,,Feb-12,Feb-12,K03000001,Great Britain,all-retailing-including-automotive-fuel,All retailing including automotive fuel,chained-volume-percentage-change-on-previous-month,Chained volume - Percentage change on previous month,seasonal-adjustment,Seasonally Adjusted
84.6,,Feb-12,Feb-12,K03000001,Great Britain,all-retailing-including-automotive-fuel,All retailing including automotive fuel,chained-volume-of-retail-sales,Chained volume of retail sales,seasonal-adjustment,Seasonally Adjusted
86.5,,Mar-12,Mar-12,K03000001,Great Britain,all-retailing-including-automotive-fuel,All retailing including automotive fuel,chained-volume-of-retail-sales,Chained volume of retail sales,seasonal-adjustment,Seasonally Adjusted
2.2,,Mar-12,Mar-12,K03000001,Great Britain,all-retailing-including-automotive-fuel,All retailing including automotive fuel,chained-volume-percentage-change-on-previous-month,Chained volume - Percentage change on previous month,seasonal-adjustment,Seasonally Adjusted
84.3,,Apr-12,Apr-12,K03000001,Great Britain,all-retailing-including-automotive-fuel,All retailing including automotive fuel,chained-volume-of-retail-sales,Chained volume of retail sales,seasonal-adjustment,Seasonally Adjusted
-2.5,,Apr-12,Apr-12,K03000001,Great Britain,all-retailing-including-automotive-fuel,All retailing including automotive fuel,chained-volume-percentage-change-on-previous-month,Chained volume - Percentage change on previous month,seasonal-adjustment,Seasonally Adjusted
0.8,,May-12,May-12,K03000001,Great Britain,all-retailing-including-automotive-fuel,All retailing including automotive fuel,chained-volume-percentage-change-on-previous-month,Chained volume - Percentage change on previous month,seasonal-adjustment,Seasonally Adjusted
85.0,,May-12,May-12,K03000001,Great Britain,all-retailing-including-automotive-fuel,All retailing including automotive fuel,chained-volume-of-retail-sales,Chained volume of retail sales,seasonal-adjustment,Seasonally Adjusted
0.3,,Jun-12,Jun-12,K03000001,Great Britain,all-retailing-including-automotive-fuel,All retailing including automotive fuel,chained-volume-percentage-change-on-previous-month,Chained volume - Percentage change on previous month,seasonal-adjustment,Seasonally Adjusted
85.2,,Jun-12,Jun-12,K03000001,Great Britain,all-retailing-including-automotive-fuel,All retailing including automotive fuel,chained-volume-of-retail-sales,Chained volume of retail sales,seasonal-adjustment,Seasonally Adjusted
-0.1,,Jul-12,Jul-12,K03000001,Great Britain,all-retailing-including-automotive-fuel,All retailing including automotive fuel,chained-volume-percentage-change-on-previous-month,Chained volume - Percentage change on previous month,seasonal-adjustment,Seasonally Adjusted
85.1,,Jul-12,Jul-12,K03000001,Great Britain,all-retailing-including-automotive-fuel,All retailing including automotive fuel,chained-volume-of-retail-sales,Chained volume of retail sales,seasonal-adjustment,Seasonally Adjusted
0.1,,Aug-12,Aug-12,K03000001,Great Britain,all-retailing-including-automotive-fuel,All retailing including automotive fuel,chained-volume-percentage-change-on-previous-month,Chained volume - Percentage change on previous month,seasonal-adjustment,Seasonally Adjusted
85.2,,Aug-12,Aug-12,K03000001,Great Britain,all-retailing-including-automotive-fuel,All retailing including automotive fuel,chained-volume-of-retail-sales,Chained volume of retail sales,seasonal-adjustment,Seasonally Adjusted
85.6,,Sep-12,Sep-12,K03000001,Great Britain,all-retailing-including-automotive-fuel,All retailing including automotive fuel,chained-volume-of-retail-sales,Chained volume of retail sales,seasonal-adjustment,Seasonally Adjusted
0.5,,Sep-12,Sep-12,K03000001,Great Britain,all-retailing-including-automotive-fuel,All retailing including automotive fuel,chained-volume-percentage-change-on-previous-month,Chained volume - Percentage change on previous month,seasonal-adjustment,Seasonally Adjusted
-0.9,,Oct-12,Oct-12,K03000001,Great Britain,all-retailing-including-automotive-fuel,All retailing including automotive fuel,chained-volume-percentage-change-on-previous-month,Chained volume - Percentage change on previous month,seasonal-adjustment,Seasonally Adjusted
84.9,,Oct-12,Oct-12,K03000001,Great Britain,all-retailing-including-automotive-fuel,All retailing including automotive fuel,chained-volume-of-retail-sales,Chained volume of retail sales,seasonal-adjustment,Seasonally Adjusted
-0.5,,Nov-12,Nov-12,K03000001,Great Britain,all-retailing-including-automotive-fuel,All retailing including automotive fuel,chained-volume-percentage-change-on-previous-month,Chained volume - Percentage change on previous month,seasonal-adjustment,Seasonally Adjusted
84.5,,Nov-12,Nov-12,K03000001,Great Britain,all-retailing-including-automotive-fuel,All retailing including automotive fuel,chained-volume-of-retail-sales,Chained volume of retail sales,seasonal-adjustment,Seasonally Adjusted
84.8,,Dec-12,Dec-12,K03000001,Great Britain,all-retailing-including-automotive-fuel,All retailing including automotive fuel,chained-volume-of-retail-sales,Chained volume of retail sales,seasonal-adjustment,Seasonally Adjusted
0.4,,Dec-12,Dec-12,K03000001,Great Britain,all-retailing-including-automotive-fuel,All retailing including automotive fuel,chained-volume-percentage-change-on-previous-month,Chained volume - Percentage change on previous month,seasonal-adjustment,Seasonally Adjusted
84.4,,Jan-13,Jan-13,K03000001,Great Britain,all-retailing-including-automotive-fuel,All retailing including automotive fuel,chained-volume-of-retail-sales,Chained volume of retail sales,seasonal-adjustment,Seasonally Adjusted
-0.4,,Jan-13,Jan-13,K03000001,Great Britain,all-retailing-including-automotive-fuel,All retailing including automotive fuel,chained-volume-percentage-change-on-previous-month,Chained volume - Percentage change on previous month,seasonal-adjustment,Seasonally Adjusted
1.6,,Feb-13,Feb-13,K03000001,Great Britain,all-retailing-including-automotive-fuel,All retailing including automotive fuel,chained-volume-percentage-change-on-previous-month,Chained volume - Percentage change on previous month,seasonal-adjustment,Seasonally Adjusted
85.8,,Feb-13,Feb-13,K03000001,Great Britain,all-retailing-including-automotive-fuel,All retailing including automotive fuel,chained-volume-of-retail-sales,Chained volume of retail sales,seasonal-adjustment,Seasonally Adjusted
-1.1,,Mar-13,Mar-13,K03000001,Great Britain,all-retailing-including-automotive-fuel,All retailing including automotive fuel,chained-volume-percentage-change-on-previous-month,Chained volume - Percentage change on previous month,seasonal-adjustment,Seasonally Adjusted
84.8,,Mar-13,Mar-13,K03000001,Great Britain,all-retailing-including-automotive-fuel,All retailing including automotive fuel,chained-volume-of-retail-sales,Chained volume of retail sales,seasonal-adjustment,Seasonally Adjusted
84.7,,Apr-13,Apr-13,K03000001,Great Britain,all-retailing-including-automotive-fuel,All retailing including automotive fuel,chained-volume-of-retail-sales,Chained volume of retail sales,seasonal-adjustment,Seasonally Adjusted
-0.1,,Apr-13,Apr-13,K03000001,Great Britain,all-retailing-including-automotive-fuel,All retailing including automotive fuel,chained-volume-percentage-change-on-previous-month,Chained volume - Percentage change on previous month,seasonal-adjustment,Seasonally Adjusted
85.7,,May-13,May-13,K03000001,Great Britain,all-retailing-including-automotive-fuel,All retailing including automotive fuel,chained-volume-of-retail-sales,Chained volume of retail sales,seasonal-adjustment,Seasonally Adjusted
1.2,,May-13,May-13,K03000001,Great Britain,all-retailing-including-automotive-fuel,All retailing including automotive fuel,chained-volume-percentage-change-on-previous-month,Chained volume - Percentage change on previous month,seasonal-adjustment,Seasonally Adjusted
86.4,,Jun-13,Jun-13,K03000001,Great Britain,all-retailing-including-automotive-fuel,All retailing including automotive fuel,chained-volume-of-retail-sales,Chained volume of retail sales,seasonal-adjustment,Seasonally Adjusted
0.8,,Jun-13,Jun-13,K03000001,Great Britain,all-retailing-including-automotive-fuel,All retailing including automotive fuel,chained-volume-percentage-change-on-previous-month,Chained volume - Percentage change on previous month,seasonal-adjustment,Seasonally Adjusted
86.6,,Jul-13,Jul-13,K03000001,Great Britain,all-retailing-including-automotive-fuel,All retailing including automotive fuel,chained-volume-of-retail-sales,Chained volume of retail sales,seasonal-adjustment,Seasonally Adjusted
0.2,,Jul-13,Jul-13,K03000001,Great Britain,all-retailing-including-automotive-fuel,All retailing including automotive fuel,chained-volume-percentage-change-on-previous-month,Chained volume - Percentage change on previous month,seasonal-adjustment,Seasonally Adjusted
85.9,,Aug-13,Aug-13,K03000001,Great Britain,all-retailing-including-automotive-fuel,All retailing including automotive fuel,chained-volume-of-retail-sales,Chained volume of retail sales,seasonal-adjustment,Seasonally Adjusted
-0.8,,Aug-13,Aug-13,K03000001,Great Britain,all-retailing-including-automotive-fuel,All retailing including automotive fuel,chained-volume-percentage-change-on-previous-month,Chained volume - Percentage change on previous month,seasonal-adjustment,Seasonally Adjusted
86.9,,Sep-13,Sep-13,K03000001,Great Britain,all-retailing-including-automotive-fuel,All retailing including automotive fuel,chained-volume-of-retail-sales,Chained volume of retail sales,seasonal-adjustment,Seasonally Adjusted
1.1,,Sep-13,Sep-13,K03000001,Great Britain,all-retailing-including-automotive-fuel,All retailing including automotive fuel,chained-volume-percentage-change-on-previous-month,Chained volume - Percentage change on previous month,seasonal-adjustment,Seasonally Adjusted
86.0,,Oct-13,Oct-13,K03000001,Great Britain,all-retailing-including-automotive-fuel,All retailing including automotive fuel,chained-volume-of-retail-sales,Chained volume of retail sales,seasonal-adjustment,Seasonally Adjusted
-1.0,,Oct-13,Oct-13,K03000001,Great Britain,all-retailing-including-automotive-fuel,All retailing including automotive fuel,chained-volume-percentage-change-on-previous-month,Chained volume - Percentage change on previous month,seasonal-adjustment,Seasonally Adjusted
86.7,,Nov-13,Nov-13,K03000001,Great Britain,all-retailing-including-automotive-fuel,All retailing including automotive fuel,chained-volume-of-retail-sales,Chained volume of retail sales,seasonal-adjustment,Seasonally Adjusted
0.8,,Nov-13,Nov-13,K03000001,Great Britain,all-retailing-including-automotive-fuel,All retailing including automotive fuel,chained-volume-percentage-change-on-previous-month,Chained volume - Percentage change on previous month,seasonal-adjustment,Seasonally Adjusted
0.5,,Dec-13,Dec-13,K03000001,Great Britain,all-retailing-including-automotive-fuel,All retailing including automotive fuel,chained-volume-percentage-change-on-previous-month,Chained volume - Percentage change on previous month,seasonal-adjustment,Seasonally Adjusted
87.1,,Dec-13,Dec-13,K03000001,Great Britain,all-retailing-including-automotive-fuel,All retailing including automotive fuel,chained-volume-of-retail-sales,Chained volume of retail sales,seasonal-adjustment,Seasonally Adjusted
87.0,,Jan-14,Jan-14,K03000001,Great Britain,all-retailing-including-automotive-fuel,All retailing including automotive fuel,chained-volume-of-retail-sales,Chained volume of retail sales,seasonal-adjustment,Seasonally Adjusted
-0.2,,Jan-14,Jan-14,K03000001,Great Britain,all-retailing-including-automotive-fuel,All retailing including automotive fuel,chained-volume-percentage-change-on-previous-month,Chained volume - Percentage change on previous month,seasonal-adjustment,Seasonally Adjusted
87.6,,Feb-14,Feb-14,K03000001,Great Britain,all-retailing-including-automotive-fuel,All retailing including automotive fuel,chained-volume-of-retail-sales,Chained volume of retail sales,seasonal-adjustment,Seasonally Adjusted
0.7,,Feb-14,Feb-14,K03000001,Great Britain,all-retailing-including-automotive-fuel,All retailing including automotive fuel,chained-volume-percentage-change-on-previous-month,Chained volume - Percentage change on previous month,seasonal-adjustment,Seasonally Adjusted
88.4,,Mar-14,Mar-14,K03000001,Great Britain,all-retailing-including-automotive-fuel,All retailing including automotive fuel,chained-volume-of-retail-sales,Chained volume of retail sales,seasonal-adjustment,Seasonally Adjusted
1.0,,Mar-14,Mar-14,K03000001,Great Britain,all-retailing-including-automotive-fuel,All retailing including automotive fuel,chained-volume-percentage-change-on-previous-month,Chained volume - Percentage change on previous month,seasonal-adjustment,Seasonally Adjusted
88.3,,Apr-14,Apr-14,K03000001,Great Britain,all-retailing-including-automotive-fuel,All retailing including automotive fuel,chained-volume-of-retail-sales,Chained volume of retail sales,seasonal-adjustment,Seasonally Adjusted
-0.1,,Apr-14,Apr-14,K03000001,Great Britain,all-retailing-including-automotive-fuel,All retailing including automotive fuel,chained-volume-percentage-change-on-previous-month,Chained volume - Percentage change on previous month,seasonal-adjustment,Seasonally Adjusted
88.8,,May-14,May-14,K03000001,Great Britain,all-retailing-including-automotive-fuel,All retailing including automotive fuel,chained-volume-of-retail-sales,Chained volume of retail sales,seasonal-adjustment,Seasonally Adjusted
0.5,,May-14,May-14,K03000001,Great Britain,all-retailing-including-automotive-fuel,All retailing including automotive fuel,chained-volume-percentage-change-on-previous-month,Chained volume - Percentage change on previous month,seasonal-adjustment,Seasonally Adjusted
0.3,,Jun-14,Jun-14,K03000001,Great Britain,all-retailing-including-automotive-fuel,All retailing including automotive fuel,chained-volume-percentage-change-on-previous-month,Chained volume - Percentage change on previous month,seasonal-adjustment,Seasonally Adjusted
89.1,,Jun-14,Jun-14,K03000001,Great Britain,all-retailing-including-automotive-fuel,All retailing including automotive fuel,chained-volume-of-retail-sales,Chained volume of retail sales,seasonal-adjustment,Seasonally Adjusted
89.2,,Jul-14,Jul-14,K03000001,Great Britain,all-retailing-including-automotive-fuel,All retailing including automotive fuel,chained-volume-of-retail-sales,Chained volume of retail sales,seasonal-adjustment,Seasonally Adjusted
0.2,,Jul-14,Jul-14,K03000001,Great Britain,all-retailing-including-automotive-fuel,All retailing including automotive fuel,chained-volume-percentage-change-on-previous-month,Chained volume - Percentage change on previous month,seasonal-adjustment,Seasonally Adjusted
89.5,,Aug-14,Aug-14,K03000001,Great Britain,all-retailing-including-automotive-fuel,All retailing including automotive fuel,chained-volume-of-retail-sales,Chained volume of retail sales,seasonal-adjustment,Seasonally Adjusted
0.3,,Aug-14,Aug-14,K03000001,Great Britain,all-retailing-including-automotive-fuel,All retailing including automotive fuel,chained-volume-percentage-change-on-previous-month,Chained volume - Percentage change on previous month,seasonal-adjustment,Seasonally Adjusted
88.9,,Sep-14,Sep-14,K03000001,Great Britain,all-retailing-including-automotive-fuel,All retailing including automotive fuel,chained-volume-of-retail-sales,Chained volume of retail sales,seasonal-adjustment,Seasonally Adjusted
-0.8,,Sep-14,Sep-14,K03000001,Great Britain,all-retailing-including-automotive-fuel,All retailing including automotive fuel,chained-volume-percentage-change-on-previous-month,Chained volume - Percentage change on previous month,seasonal-adjustment,Seasonally Adjusted
89.8,,Oct-14,Oct-14,K03000001,Great Britain,all-retailing-including-automotive-fuel,All retailing including automotive fuel,chained-volume-of-retail-sales,Chained volume of retail sales,seasonal-adjustment,Seasonally Adjusted
1.1,,Oct-14,Oct-14,K03000001,Great Britain,all-retailing-including-automotive-fuel,All retailing including automotive fuel,chained-volume-percentage-change-on-previous-month,Chained volume - Percentage change on previous month,seasonal-adjustment,Seasonally Adjusted
90.4,,Nov-14,Nov-14,K03000001,Great Britain,all-retailing-including-automotive-fuel,All retailing including automotive fuel,chained-volume-of-retail-sales,Chained volume of retail sales,seasonal-adjustment,Seasonally Adjusted
0.6,,Nov-14,Nov-14,K03000001,Great Britain,all-retailing-including-automotive-fuel,All retailing including automotive fuel,chained-volume-percentage-change-on-previous-month,Chained volume - Percentage change on previous month,seasonal-adjustment,Seasonally Adjusted
2.5,,Dec-14,Dec-14,K03000001,Great Britain,all-retailing-including-automotive-fuel,All retailing including automotive fuel,chained-volume-percentage-change-on-previous-month,Chained volume - Percentage change on previous month,seasonal-adjustment,Seasonally Adjusted
92.6,,Dec-14,Dec-14,K03000001,Great Britain,all-retailing-including-automotive-fuel,All retailing including automotive fuel,chained-volume-of-retail-sales,Chained volume of retail sales,seasonal-adjustment,Seasonally Adjusted
-1.1,,Jan-15,Jan-15,K03000001,Great Britain,all-retailing-including-automotive-fuel,All retailing including automotive fuel,chained-volume-percentage-change-on-previous-month,Chained volume - Percentage change on previous month,seasonal-adjustment,Seasonally Adjusted
91.6,,Jan-15,Jan-15,K03000001,Great Britain,all-retailing-including-automotive-fuel,All retailing including automotive fuel,chained-volume-of-retail-sales,Chained volume of retail sales,seasonal-adjustment,Seasonally Adjusted
91.8,,Feb-15,Feb-15,K03000001,Great Britain,all-retailing-including-automotive-fuel,All retailing including automotive fuel,chained-volume-of-retail-sales,Chained volume of retail sales,seasonal-adjustment,Seasonally Adjusted
0.1,,Feb-15,Feb-15,K03000001,Great Britain,all-retailing-including-automotive-fuel,All retailing including automotive fuel,chained-volume-percentage-change-on-previous-month,Chained volume - Percentage change on previous month,seasonal-adjustment,Seasonally Adjusted
91.8,,Mar-15,Mar-15,K03000001,Great Britain,all-retailing-including-automotive-fuel,All retailing including automotive fuel,chained-volume-of-retail-sales,Chained volume of retail sales,seasonal-adjustment,Seasonally Adjusted
0.0,,Mar-15,Mar-15,K03000001,Great Britain,all-retailing-including-automotive-fuel,All retailing including automotive fuel,chained-volume-percentage-change-on-previous-month,Chained volume - Percentage change on previous month,seasonal-adjustment,Seasonally Adjusted
92.4,,Apr-15,Apr-15,K03000001,Great Britain,all-retailing-including-automotive-fuel,All retailing including automotive fuel,chained-volume-of-retail-sales,Chained volume of retail sales,seasonal-adjustment,Seasonally Adjusted
0.7,,Apr-15,Apr-15,K03000001,Great Britain,all-retailing-including-automotive-fuel,All retailing including automotive fuel,chained-volume-percentage-change-on-previous-month,Chained volume - Percentage change on previous month,seasonal-adjustment,Seasonally Adjusted
92.3,,May-15,May-15,K03000001,Great Britain,all-retailing-including-automotive-fuel,All retailing including automotive fuel,chained-volume-of-retail-sales,Chained volume of retail sales,seasonal-adjustment,Seasonally Adjusted
-0.1,,May-15,May-15,K03000001,Great Britain,all-retailing-including-automotive-fuel,All retailing including automotive fuel,chained-volume-percentage-change-on-previous-month,Chained volume - Percentage change on previous month,seasonal-adjustment,Seasonally Adjusted
92.6,,Jun-15,Jun-15,K03000001,Great Britain,all-retailing-including-automotive-fuel,All retailing including automotive fuel,chained-volume-of-retail-sales,Chained volume of retail sales,seasonal-adjustment,Seasonally Adjusted
0.3,,Jun-15,Jun-15,K03000001,Great Britain,all-retailing-including-automotive-fuel,All retailing including automotive fuel,chained-volume-percentage-change-on-previous-month,Chained volume - Percentage change on previous month,seasonal-adjustment,Seasonally Adjusted
0.1,,Jul-15,Jul-15,K03000001,Great Britain,all-retailing-including-automotive-fuel,All retailing including automotive fuel,chained-volume-percentage-change-on-previous-month,Chained volume - Percentage change on previous month,seasonal-adjustment,Seasonally Adjusted
92.7,,Jul-15,Jul-15,K03000001,Great Britain,all-retailing-including-automotive-fuel,All retailing including automotive fuel,chained-volume-of-retail-sales,Chained volume of retail sales,seasonal-adjustment,Seasonally Adjusted
-0.6,,Aug-15,Aug-15,K03000001,Great Britain,all-retailing-including-automotive-fuel,All retailing including automotive fuel,chained-volume-percentage-change-on-previous-month,Chained volume - Percentage change on previous month,seasonal-adjustment,Seasonally Adjusted
92.1,,Aug-15,Aug-15,K03000001,Great Britain,all-retailing-including-automotive-fuel,All retailing including automotive fuel,chained-volume-of-retail-sales,Chained volume of retail sales,seasonal-adjustment,Seasonally Adjusted
94.2,,Sep-15,Sep-15,K03000001,Great Britain,all-retailing-including-automotive-fuel,All retailing including automotive fuel,chained-volume-of-retail-sales,Chained volume of retail sales,seasonal-adjustment,Seasonally Adjusted
2.3,,Sep-15,Sep-15,K03000001,Great Britain,all-retailing-including-automotive-fuel,All retailing including automotive fuel,chained-volume-percentage-change-on-previous-month,Chained volume - Percentage change on previous month,seasonal-adjustment,Seasonally Adjusted
93.3,,Oct-15,Oct-15,K03000001,Great Britain,all-retailing-including-automotive-fuel,All retailing including automotive fuel,chained-volume-of-retail-sales,Chained volume of retail sales,seasonal-adjustment,Seasonally Adjusted
-1.0,,Oct-15,Oct-15,K03000001,Great Britain,all-retailing-including-automotive-fuel,All retailing including automotive fuel,chained-volume-percentage-change-on-previous-month,Chained volume - Percentage change on previous month,seasonal-adjustment,Seasonally Adjusted
0.7,,Nov-15,Nov-15,K03000001,Great Britain,all-retailing-including-automotive-fuel,All retailing including automotive fuel,chained-volume-percentage-change-on-previous-month,Chained volume - Percentage change on previous month,seasonal-adjustment,Seasonally Adjusted
93.9,,Nov-15,Nov-15,K03000001,Great Britain,all-retailing-including-automotive-fuel,All retailing including automotive fuel,chained-volume-of-retail-sales,Chained volume of retail sales,seasonal-adjustment,Seasonally Adjusted
94.0,,Dec-15,Dec-15,K03000001,Great Britain,all-retailing-including-automotive-fuel,All retailing including automotive fuel,chained-volume-of-retail-sales,Chained volume of retail sales,seasonal-adjustment,Seasonally Adjusted
0.1,,Dec-15,Dec-15,K03000001,Great Britain,all-retailing-including-automotive-fuel,All retailing including automotive fuel,chained-volume-percentage-change-on-previous-month,Chained volume - Percentage change on previous month,seasonal-adjustment,Seasonally Adjusted
96.5,,Jan-16,Jan-16,K03000001,Great Britain,all-retailing-including-automotive-fuel,All retailing including automotive fuel,chained-volume-of-retail-sales,Chained volume of retail sales,seasonal-adjustment,Seasonally Adjusted
2.6,,Jan-16,Jan-16,K03000001,Great Britain,all-retailing-including-automotive-fuel,All retailing including automotive fuel,chained-volume-percentage-change-on-previous-month,Chained volume - Percentage change on previous month,seasonal-adjustment,Seasonally Adjusted
95.4,,Feb-16,Feb-16,K03000001,Great Britain,all-retailing-including-automotive-fuel,All retailing including automotive fuel,chained-volume-of-retail-sales,Chained volume of retail sales,seasonal-adjustment,Seasonally Adjusted
-1.1,,Feb-16,Feb-16,K03000001,Great Britain,all-retailing-including-automotive-fuel,All retailing including automotive fuel,chained-volume-percentage-change-on-previous-month,Chained volume - Percentage change on previous month,seasonal-adjustment,Seasonally Adjusted
95.3,,Mar-16,Mar-16,K03000001,Great Britain,all-retailing-including-automotive-fuel,All retailing including automotive fuel,chained-volume-of-retail-sales,Chained volume of retail sales,seasonal-adjustment,Seasonally Adjusted
-0.2,,Mar-16,Mar-16,K03000001,Great Britain,all-retailing-including-automotive-fuel,All retailing including automotive fuel,chained-volume-percentage-change-on-previous-month,Chained volume - Percentage change on previous month,seasonal-adjustment,Seasonally Adjusted
0.7,,Apr-16,Apr-16,K03000001,Great Britain,all-retailing-including-automotive-fuel,All retailing including automotive fuel,chained-volume-percentage-change-on-previous-month,Chained volume - Percentage change on previous month,seasonal-adjustment,Seasonally Adjusted
95.9,,Apr-16,Apr-16,K03000001,Great Britain,all-retailing-including-automotive-fuel,All retailing including automotive fuel,chained-volume-of-retail-sales,Chained volume of retail sales,seasonal-adjustment,Seasonally Adjusted
1.3,,May-16,May-16,K03000001,Great Britain,all-retailing-including-automotive-fuel,All retailing including automotive fuel,chained-volume-percentage-change-on-previous-month,Chained volume - Percentage change on previous month,seasonal-adjustment,Seasonally Adjusted
97.2,,May-16,May-16,K03000001,Great Britain,all-retailing-including-automotive-fuel,All retailing including automotive fuel,chained-volume-of-retail-sales,Chained volume of retail sales,seasonal-adjustment,Seasonally Adjusted
-1.1,,Jun-16,Jun-16,K03000001,Great Britain,all-retailing-including-automotive-fuel,All retailing including automotive fuel,chained-volume-percentage-change-on-previous-month,Chained volume - Percentage change on previous month,seasonal-adjustment,Seasonally Adjusted
96.1,,Jun-16,Jun-16,K03000001,Great Britain,all-retailing-including-automotive-fuel,All retailing including automotive fuel,chained-volume-of-retail-sales,Chained volume of retail sales,seasonal-adjustment,Seasonally Adjusted
1.9,,Jul-16,Jul-16,K03000001,Great Britain,all-retailing-including-automotive-fuel,All retailing including automotive fuel,chained-volume-percentage-change-on-previous-month,Chained volume - Percentage change on previous month,seasonal-adjustment,Seasonally Adjusted
97.9,,Jul-16,Jul-16,K03000001,Great Britain,all-retailing-including-automotive-fuel,All retailing including automotive fuel,chained-volume-of-retail-sales,Chained volume of retail sales,seasonal-adjustment,Seasonally Adjusted
97.6,,Aug-16,Aug-16,K03000001,Great Britain,all-retailing-including-automotive-fuel,All retailing including automotive fuel,chained-volume-of-retail-sales,Chained volume of retail sales,seasonal-adjustment,Seasonally Adjusted
-0.3,,Aug-16,Aug-16,K03000001,Great Britain,all-retailing-including-automotive-fuel,All retailing including automotive fuel,chained-volume-percentage-change-on-previous-month,Chained volume - Percentage change on previous month,seasonal-adjustment,Seasonally Adjusted
98.1,,Sep-16,Sep-16,K03000001,Great Britain,all-retailing-including-automotive-fuel,All retailing including automotive fuel,chained-volume-of-retail-sales,Chained volume of retail sales,seasonal-adjustment,Seasonally Adjusted
0.5,,Sep-16,Sep-16,K03000001,Great Britain,all-retailing-including-automotive-fuel,All retailing including automotive fuel,chained-volume-percentage-change-on-previous-month,Chained volume - Percentage change on previous month,seasonal-adjustment,Seasonally Adjusted
99.7,,Oct-16,Oct-16,K03000001,Great Britain,all-retailing-including-automotive-fuel,All retailing including automotive fuel,chained-volume-of-retail-sales,Chained volume of retail sales,seasonal-adjustment,Seasonally Adjusted
1.7,,Oct-16,Oct-16,K03000001,Great Britain,all-retailing-including-automotive-fuel,All retailing including automotive fuel,chained-volume-percentage-change-on-previous-month,Chained volume - Percentage change on previous month,seasonal-adjustment,Seasonally Adjusted
-0.7,,Nov-16,Nov-16,K03000001,Great Britain,all-retailing-including-automotive-fuel,All retailing including automotive fuel,chained-volume-percentage-change-on-previous-month,Chained volume - Percentage change on previous month,seasonal-adjustment,Seasonally Adjusted
99.1,,Nov-16,Nov-16,K03000001,Great Britain,all-retailing-including-automotive-fuel,All retailing including automotive fuel,chained-volume-of-retail-sales,Chained volume of retail sales,seasonal-adjustment,Seasonally Adjusted
98.6,,Dec-16,Dec-16,K03000001,Great Britain,all-retailing-including-automotive-fuel,All retailing including automotive fuel,chained-volume-of-retail-sales,Chained volume of retail sales,seasonal-adjustment,Seasonally Adjusted
-0.5,,Dec-16,Dec-16,K03000001,Great Britain,all-retailing-including-automotive-fuel,All retailing including automotive fuel,chained-volume-percentage-change-on-previous-month,Chained volume - Percentage change on previous month,seasonal-adjustment,Seasonally Adjusted
97.4,,Jan-17,Jan-17,K03000001,Great Britain,all-retailing-including-automotive-fuel,All retailing including automotive fuel,chained-volume-of-retail-sales,Chained volume of retail sales,seasonal-adjustment,Seasonally Adjusted
-1.2,,Jan-17,Jan-17,K03000001,Great Britain,all-retailing-including-automotive-fuel,All retailing including automotive fuel,chained-volume-percentage-change-on-previous-month,Chained volume - Percentage change on previous month,seasonal-adjustment,Seasonally Adjusted
0.6,,Feb-17,Feb-17,K03000001,Great Britain,all-retailing-including-automotive-fuel,All retailing including automotive fuel,chained-volume-percentage-change-on-previous-month,Chained volume - Percentage change on previous month,seasonal-adjustment,Seasonally Adjusted
98.0,,Feb-17,Feb-17,K03000001,Great Britain,all-retailing-including-automotive-fuel,All retailing including automotive fuel,chained-volume-of-retail-sales,Chained volume of retail sales,seasonal-adjustment,Seasonally Adjusted
97.4,,Mar-17,Mar-17,K03000001,Great Britain,all-retailing-including-automotive-fuel,All retailing including automotive fuel,chained-volume-of-retail-sales,Chained volume of retail sales,seasonal-adjustment,Seasonally Adjusted
-0.5,,Mar-17,Mar-17,K03000001,Great Britain,all-retailing-including-automotive-fuel,All retailing including automotive fuel,chained-volume-percentage-change-on-previous-month,Chained volume - Percentage change on previous month,seasonal-adjustment,Seasonally Adjusted
1.8,,Apr-17,Apr-17,K03000001,Great Britain,all-retailing-including-automotive-fuel,All retailing including automotive fuel,chained-volume-percentage-change-on-previous-month,Chained volume - Percentage change on previous month,seasonal-adjustment,Seasonally Adjusted
99.1,,Apr-17,Apr-17,K03000001,Great Britain,all-retailing-including-automotive-fuel,All retailing including automotive fuel,chained-volume-of-retail-sales,Chained volume of retail sales,seasonal-adjustment,Seasonally Adjusted
-1.4,,May-17,May-17,K03000001,Great Britain,all-retailing-including-automotive-fuel,All retailing including automotive fuel,chained-volume-percentage-change-on-previous-month,Chained volume - Percentage change on previous month,seasonal-adjustment,Seasonally Adjusted
97.8,,May-17,May-17,K03000001,Great Britain,all-retailing-including-automotive-fuel,All retailing including automotive fuel,chained-volume-of-retail-sales,Chained volume of retail sales,seasonal-adjustment,Seasonally Adjusted
98.6,,Jun-17,Jun-17,K03000001,Great Britain,all-retailing-including-automotive-fuel,All retailing including automotive fuel,chained-volume-of-retail-sales,Chained volume of retail sales,seasonal-adjustment,Seasonally Adjusted
0.8,,Jun-17,Jun-17,K03000001,Great Britain,all-retailing-including-automotive-fuel,All retailing including automotive fuel,chained-volume-percentage-change-on-previous-month,Chained volume - Percentage change on previous month,seasonal-adjustment,Seasonally Adjusted
-0.1,,Jul-17,Jul-17,K03000001,Great Britain,all-retailing-including-automotive-fuel,All retailing including automotive fuel,chained-volume-percentage-change-on-previous-month,Chained volume - Percentage change on previous month,seasonal-adjustment,Seasonally Adjusted
98.5,,Jul-17,Jul-17,K03000001,Great Britain,all-retailing-including-automotive-fuel,All retailing including automotive fuel,chained-volume-of-retail-sales,Chained volume of retail sales,seasonal-adjustment,Seasonally Adjusted
0.9,,Aug-17,Aug-17,K03000001,Great Britain,all-retailing-including-automotive-fuel,All retailing including automotive fuel,chained-volume-percentage-change-on-previous-month,Chained volume - Percentage change on previous month,seasonal-adjustment,Seasonally Adjusted
99.4,,Aug-17,Aug-17,K03000001,Great Britain,all-retailing-including-automotive-fuel,All retailing including automotive fuel,chained-volume-of-retail-sales,Chained volume of retail sales,seasonal-adjustment,Seasonally Adjusted
99.3,,Sep-17,Sep-17,K03000001,Great Britain,all-retailing-including-automotive-fuel,All retailing including automotive fuel,chained-volume-of-retail-sales,Chained volume of retail sales,seasonal-adjustment,Seasonally Adjusted
-0.1,,Sep-17,Sep-17,K03000001,Great Britain,all-retailing-including-automotive-fuel,All retailing including automotive fuel,chained-volume-percentage-change-on-previous-month,Chained volume - Percentage change on previous month,seasonal-adjustment,Seasonally Adjusted
99.6,,Oct-17,Oct-17,K03000001,Great Britain,all-retailing-including-automotive-fuel,All retailing including automotive fuel,chained-volume-of-retail-sales,Chained volume of retail sales,seasonal-adjustment,Seasonally Adjusted
0.2,,Oct-17,Oct-17,K03000001,Great Britain,all-retailing-including-automotive-fuel,All retailing including automotive fuel,chained-volume-percentage-change-on-previous-month,Chained volume - Percentage change on previous month,seasonal-adjustment,Seasonally Adjusted
99.8,,Nov-17,Nov-17,K03000001,Great Britain,all-retailing-including-automotive-fuel,All retailing including automotive fuel,chained-volume-of-retail-sales,Chained volume of retail sales,seasonal-adjustment,Seasonally Adjusted
0.2,,Nov-17,Nov-17,K03000001,Great Britain,all-retailing-including-automotive-fuel,All retailing including automotive fuel,chained-volume-percentage-change-on-previous-month,Chained volume - Percentage change on previous month,seasonal-adjustment,Seasonally Adjusted
100.0,,Dec-17,Dec-17,K03000001,Great Britain,all-retailing-including-automotive-fuel,All retailing including automotive fuel,chained-volume-of-retail-sales,Chained volume of retail sales,seasonal-adjustment,Seasonally Adjusted
0.2,,Dec-17,Dec-17,K03000001,Great Britain,all-retailing-including-automotive-fuel,All retailing including automotive fuel,chained-volume-percentage-change-on-previous-month,Chained volume - Percentage change on previous month,seasonal-adjustment,Seasonally Adjusted
99.0,,Jan-18,Jan-18,K03000001,Great Britain,all-retailing-including-automotive-fuel,All retailing including automotive fuel,chained-volume-of-retail-sales,Chained volume of retail sales,seasonal-adjustment,Seasonally Adjusted
-1.0,,Jan-18,Jan-18,K03000001,Great Britain,all-retailing-including-automotive-fuel,All retailing including automotive fuel,chained-volume-percentage-change-on-previous-month,Chained volume - Percentage change on previous month,seasonal-adjustment,Seasonally Adjusted
0.4,,Feb-18,Feb-18,K03000001,Great Britain,all-retailing-including-automotive-fuel,All retailing including automotive fuel,chained-volume-percentage-change-on-previous-month,Chained volume - Percentage change on previous month,seasonal-adjustment,Seasonally Adjusted
99.4,,Feb-18,Feb-18,K03000001,Great Britain,all-retailing-including-automotive-fuel,All retailing including automotive fuel,chained-volume-of-retail-sales,Chained volume of retail sales,seasonal-adjustment,Seasonally Adjusted
97.9,,Mar-18,Mar-18,K03000001,Great Britain,all-retailing-including-automotive-fuel,All retailing including automotive fuel,chained-volume-of-retail-sales,Chained volume of retail sales,seasonal-adjustment,Seasonally Adjusted
-1.4,,Mar-18,Mar-18,K03000001,Great Britain,all-retailing-including-automotive-fuel,All retailing including automotive fuel,chained-volume-percentage-change-on-previous-month,Chained volume - Percentage change on previous month,seasonal-adjustment,Seasonally Adjusted
99.4,,Apr-18,Apr-18,K03000001,Great Britain,all-retailing-including-automotive-fuel,All retailing including automotive fuel,chained-volume-of-retail-sales,Chained volume of retail sales,seasonal-adjustment,Seasonally Adjusted
1.5,,Apr-18,Apr-18,K03000001,Great Britain,all-retailing-including-automotive-fuel,All retailing including automotive fuel,chained-volume-percentage-change-on-previous-month,Chained volume - Percentage change on previous month,seasonal-adjustment,Seasonally Adjusted
101.2,,May-18,May-18,K03000001,Great Britain,all-retailing-including-automotive-fuel,All retailing including automotive fuel,chained-volume-of-retail-sales,Chained volume of retail sales,seasonal-adjustment,Seasonally Adjusted
1.9,,May-18,May-18,K03000001,Great Britain,all-retailing-including-automotive-fuel,All retailing including automotive fuel,chained-volume-percentage-change-on-previous-month,Chained volume - Percentage change on previous month,seasonal-adjustment,Seasonally Adjusted
-0.4,,Jun-18,Jun-18,K03000001,Great Britain,all-retailing-including-automotive-fuel,All retailing including automotive fuel,chained-volume-percentage-change-on-previous-month,Chained volume - Percentage change on previous month,seasonal-adjustment,Seasonally Adjusted
100.8,,Jun-18,Jun-18,K03000001,Great Britain,all-retailing-including-automotive-fuel,All retailing including automotive fuel,chained-volume-of-retail-sales,Chained volume of retail sales,seasonal-adjustment,Seasonally Adjusted
1.0,,Jul-18,Jul-18,K03000001,Great Britain,all-retailing-including-automotive-fuel,All retailing including automotive fuel,chained-volume-percentage-change-on-previous-month,Chained volume - Percentage change on previous month,seasonal-adjustment,Seasonally Adjusted
101.8,,Jul-18,Jul-18,K03000001,Great Britain,all-retailing-including-automotive-fuel,All retailing including automotive fuel,chained-volume-of-retail-sales,Chained volume of retail sales,seasonal-adjustment,Seasonally Adjusted
101.9,,Aug-18,Aug-18,K03000001,Great Britain,all-retailing-including-automotive-fuel,All retailing including automotive fuel,chained-volume-of-retail-sales,Chained volume of retail sales,seasonal-adjustment,Seasonally Adjusted
0.1,,Aug-18,Aug-18,K03000001,Great Britain,all-retailing-including-automotive-fuel,All retailing including automotive fuel,chained-volume-percentage-change-on-previous-month,Chained volume - Percentage change on previous month,seasonal-adjustment,Seasonally Adjusted
-0.2,,Sep-18,Sep-18,K03000001,Great Britain,all-retailing-including-automotive-fuel,All retailing including automotive fuel,chained-volume-percentage-change-on-previous-month,Chained volume - Percentage change on previous month,seasonal-adjustment,Seasonally Adjusted
101.7,,Sep-18,Sep-18,K03000001,Great Britain,all-retailing-including-automotive-fuel,All retailing including automotive fuel,chained-volume-of-retail-sales,Chained volume of retail sales,seasonal-adjustment,Seasonally Adjusted
-0.6,,Oct-18,Oct-18,K03000001,Great Britain,all-retailing-including-automotive-fuel,All retailing including automotive fuel,chained-volume-percentage-change-on-previous-month,Chained volume - Percentage change on previous month,seasonal-adjustment,Seasonally Adjusted
101.1,,Oct-18,Oct-18,K03000001,Great Britain,all-retailing-including-automotive-fuel,All retailing including automotive fuel,chained-volume-of-retail-sales,Chained volume of retail sales,seasonal-adjustment,Seasonally Adjusted
102.5,,Nov-18,Nov-18,K03000001,Great Britain,all-retailing-including-automotive-fuel,All retailing including automotive fuel,chained-volume-of-retail-sales,Chained volume of retail sales,seasonal-adjustment,Seasonally Adjusted
1.4,,Nov-18,Nov-18,K03000001,Great Britain,all-retailing-including-automotive-fuel,All retailing including automotive fuel,chained-volume-percentage-change-on-previous-month,Chained volume - Percentage change on previous month,seasonal-adjustment,Seasonally Adjusted
0.1,,Dec-18,Dec-18,K03000001,Great Britain,all-retailing-including-automotive-fuel,All retailing including automotive fuel,chained-volume-percentage-change-on-previous-month,Chained volume - Percentage change on previous month,seasonal-adjustment,Seasonally Adjusted
102.6,,Dec-18,Dec-18,K03000001,Great Britain,all-retailing-including-automotive-fuel,All retailing including automotive fuel,chained-volume-of-retail-sales,Chained volume of retail sales,seasonal-adjustment,Seasonally Adjusted
102.7,,Jan-19,Jan-19,K03000001,Great Britain,all-retailing-including-automotive-fuel,All retailing including automotive fuel,chained-volume-of-retail-sales,Chained volume of retail sales,seasonal-adjustment,Seasonally Adjusted
0.1,,Jan-19,Jan-19,K03000001,Great Britain,all-retailing-including-automotive-fuel,All retailing including automotive fuel,chained-volume-percentage-change-on-previous-month,Chained volume - Percentage change on previous month,seasonal-adjustment,Seasonally Adjusted
103.0,,Feb-19,Feb-19,K03000001,Great Britain,all-retailing-including-automotive-fuel,All retailing including automotive fuel,chained-volume-of-retail-sales,Chained volume of retail sales,seasonal-adjustment,Seasonally Adjusted
0.3,,Feb-19,Feb-19,K03000001,Great Britain,all-retailing-including-automotive-fuel,All retailing including automotive fuel,chained-volume-percentage-change-on-previous-month,Chained volume - Percentage change on previous month,seasonal-adjustment,Seasonally Adjusted
1.2,,Mar-19,Mar-19,K03000001,Great Britain,all-retailing-including-automotive-fuel,All retailing including automotive fuel,chained-volume-percentage-change-on-previous-month,Chained volume - Percentage change on previous month,seasonal-adjustment,Seasonally Adjusted
104.2,,Mar-19,Mar-19,K03000001,Great Britain,all-retailing-including-automotive-fuel,All retailing including automotive fuel,chained-volume-of-retail-sales,Chained volume of retail sales,seasonal-adjustment,Seasonally Adjusted
103.8,,Apr-19,Apr-19,K03000001,Great Britain,all-retailing-including-automotive-fuel,All retailing including automotive fuel,chained-volume-of-retail-sales,Chained volume of retail sales,seasonal-adjustment,Seasonally Adjusted
-0.3,,Apr-19,Apr-19,K03000001,Great Britain,all-retailing-including-automotive-fuel,All retailing including automotive fuel,chained-volume-percentage-change-on-previous-month,Chained volume - Percentage change on previous month,seasonal-adjustment,Seasonally Adjusted
-0.9,,May-19,May-19,K03000001,Great Britain,all-retailing-including-automotive-fuel,All retailing including automotive fuel,chained-volume-percentage-change-on-previous-month,Chained volume - Percentage change on previous month,seasonal-adjustment,Seasonally Adjusted
102.9,,May-19,May-19,K03000001,Great Britain,all-retailing-including-automotive-fuel,All retailing including automotive fuel,chained-volume-of-retail-sales,Chained volume of retail sales,seasonal-adjustment,Seasonally Adjusted
1.3,,Jun-19,Jun-19,K03000001,Great Britain,all-retailing-including-automotive-fuel,All retailing including automotive fuel,chained-volume-percentage-change-on-previous-month,Chained volume - Percentage change on previous month,seasonal-adjustment,Seasonally Adjusted
104.2,,Jun-19,Jun-19,K03000001,Great Britain,all-retailing-including-automotive-fuel,All retailing including automotive fuel,chained-volume-of-retail-sales,Chained volume of retail sales,seasonal-adjustment,Seasonally Adjusted
105.3,,Jul-19,Jul-19,K03000001,Great Britain,all-retailing-including-automotive-fuel,All retailing including automotive fuel,chained-volume-of-retail-sales,Chained volume of retail sales,seasonal-adjustment,Seasonally Adjusted
1.0,,Jul-19,Jul-19,K03000001,Great Britain,all-retailing-including-automotive-fuel,All retailing including automotive fuel,chained-volume-percentage-change-on-previous-month,Chained volume - Percentage change on previous month,seasonal-adjustment,Seasonally Adjusted
-0.9,,Aug-19,Aug-19,K03000001,Great Britain,all-retailing-including-automotive-fuel,All retailing including automotive fuel,chained-volume-percentage-change-on-previous-month,Chained volume - Percentage change on previous month,seasonal-adjustment,Seasonally Adjusted
104.4,,Aug-19,Aug-19,K03000001,Great Britain,all-retailing-including-automotive-fuel,All retailing including automotive fuel,chained-volume-of-retail-sales,Chained volume of retail sales,seasonal-adjustment,Seasonally Adjusted
0.0,,Sep-19,Sep-19,K03000001,Great Britain,all-retailing-including-automotive-fuel,All retailing including automotive fuel,chained-volume-percentage-change-on-previous-month,Chained volume - Percentage change on previous month,seasonal-adjustment,Seasonally Adjusted
104.4,,Sep-19,Sep-19,K03000001,Great Britain,all-retailing-including-automotive-fuel,All retailing including automotive fuel,chained-volume-of-retail-sales,Chained volume of retail sales,seasonal-adjustment,Seasonally Adjusted
-0.5,,Oct-19,Oct-19,K03000001,Great Britain,all-retailing-including-automotive-fuel,All retailing including automotive fuel,chained-volume-percentage-change-on-previous-month,Chained volume - Percentage change on previous month,seasonal-adjustment,Seasonally Adjusted
103.8,,Oct-19,Oct-19,K03000001,Great Britain,all-retailing-including-automotive-fuel,All retailing including automotive fuel,chained-volume-of-retail-sales,Chained volume of retail sales,seasonal-adjustment,Seasonally Adjusted
103.5,,Nov-19,Nov-19,K03000001,Great Britain,all-retailing-including-automotive-fuel,All retailing including automotive fuel,chained-volume-of-retail-sales,Chained volume of retail sales,seasonal-adjustment,Seasonally Adjusted
-0.4,,Nov-19,Nov-19,K03000001,Great Britain,all-retailing-including-automotive-fuel,All retailing including automotive fuel,chained-volume-percentage-change-on-previous-month,Chained volume - Percentage change on previous month,seasonal-adjustment,Seasonally Adjusted
0.9,,Dec-19,Dec-19,K03000001,Great Britain,all-retailing-including-automotive-fuel,All retailing including automotive fuel,chained-volume-percentage-change-on-previous-month,Chained volume - Percentage change on previous month,seasonal-adjustment,Seasonally Adjusted
104.5,,Dec-19,Dec-19,K03000001,Great Britain,all-retailing-including-automotive-fuel,All retailing including automotive fuel,chained-volume-of-retail-sales,Chained volume of retail sales,seasonal-adjustment,Seasonally Adjusted
104.4,,Jan-20,Jan-20,K03000001,Great Britain,all-retailing-including-automotive-fuel,All retailing including automotive fuel,chained-volume-of-retail-sales,Chained volume of retail sales,seasonal-adjustment,Seasonally Adjusted
-0.1,,Jan-20,Jan-20,K03000001,Great Britain,all-retailing-including-automotive-fuel,All retailing including automotive fuel,chained-volume-percentage-change-on-previous-month,Chained volume - Percentage change on previous month,seasonal-adjustment,Seasonally Adjusted
-0.6,,Feb-20,Feb-20,K03000001,Great Britain,all-retailing-including-automotive-fuel,All retailing including automotive fuel,chained-volume-percentage-change-on-previous-month,Chained volume - Percentage change on previous month,seasonal-adjustment,Seasonally Adjusted
103.8,,Feb-20,Feb-20,K03000001,Great Britain,all-retailing-including-automotive-fuel,All retailing including automotive fuel,chained-volume-of-retail-sales,Chained volume of retail sales,seasonal-adjustment,Seasonally Adjusted
97.3,,Mar-20,Mar-20,K03000001,Great Britain,all-retailing-including-automotive-fuel,All retailing including automotive fuel,chained-volume-of-retail-sales,Chained volume of retail sales,seasonal-adjustment,Seasonally Adjusted
-6.2,,Mar-20,Mar-20,K03000001,Great Britain,all-retailing-including-automotive-fuel,All retailing including automotive fuel,chained-volume-percentage-change-on-previous-month,Chained volume - Percentage change on previous month,seasonal-adjustment,Seasonally Adjusted
-17.9,,Apr-20,Apr-20,K03000001,Great Britain,all-retailing-including-automotive-fuel,All retailing including automotive fuel,chained-volume-percentage-change-on-previous-month,Chained volume - Percentage change on previous month,seasonal-adjustment,Seasonally Adjusted
80.0,,Apr-20,Apr-20,K03000001,Great Britain,all-retailing-including-automotive-fuel,All retailing including automotive fuel,chained-volume-of-retail-sales,Chained volume of retail sales,seasonal-adjustment,Seasonally Adjusted
90.8,,May-20,May-20,K03000001,Great Britain,all-retailing-including-automotive-fuel,All retailing including automotive fuel,chained-volume-of-retail-sales,Chained volume of retail sales,seasonal-adjustment,Seasonally Adjusted
13.5,,May-20,May-20,K03000001,Great Britain,all-retailing-including-automotive-fuel,All retailing including automotive fuel,chained-volume-percentage-change-on-previous-month,Chained volume - Percentage change on previous month,seasonal-adjustment,Seasonally Adjusted
102.2,,Jun-20,Jun-20,K03000001,Great Britain,all-retailing-including-automotive-fuel,All retailing including automotive fuel,chained-volume-of-retail-sales,Chained volume of retail sales,seasonal-adjustment,Seasonally Adjusted
12.6,,Jun-20,Jun-20,K03000001,Great Britain,all-retailing-including-automotive-fuel,All retailing including automotive fuel,chained-volume-percentage-change-on-previous-month,Chained volume - Percentage change on previous month,seasonal-adjustment,Seasonally Adjusted
107.1,,Jul-20,Jul-20,K03000001,Great Britain,all-retailing-including-automotive-fuel,All retailing including automotive fuel,chained-volume-of-retail-sales,Chained volume of retail sales,seasonal-adjustment,Seasonally Adjusted
4.8,,Jul-20,Jul-20,K03000001,Great Britain,all-retailing-including-automotive-fuel,All retailing including automotive fuel,chained-volume-percentage-change-on-previous-month,Chained volume - Percentage change on previous month,seasonal-adjustment,Seasonally Adjusted
1.4,,Aug-20,Aug-20,K03000001,Great Britain,all-retailing-including-automotive-fuel,All retailing including automotive fuel,chained-volume-percentage-change-on-previous-month,Chained volume - Percentage change on previous month,seasonal-adjustment,Seasonally Adjusted
108.6,,Aug-20,Aug-20,K03000001,Great Britain,all-retailing-including-automotive-fuel,All retailing including automotive fuel,chained-volume-of-retail-sales,Chained volume of retail sales,seasonal-adjustment,Seasonally Adjusted
110.1,,Sep-20,Sep-20,K03000001,Great Britain,all-retailing-including-automotive-fuel,All retailing including automotive fuel,chained-volume-of-retail-sales,Chained volume of retail sales,seasonal-adjustment,Seasonally Adjusted
1.4,,Sep-20,Sep-20,K03000001,Great Britain,all-retailing-including-automotive-fuel,All retailing including automotive fuel,chained-volume-percentage-change-on-previous-month,Chained volume - Percentage change on previous month,seasonal-adjustment,Seasonally Adjusted
0.9,,Oct-20,Oct-20,K03000001,Great Britain,all-retailing-including-automotive-fuel,All retailing including automotive fuel,chained-volume-percentage-change-on-previous-month,Chained volume - Percentage change on previous month,seasonal-adjustment,Seasonally Adjusted
111.2,,Oct-20,Oct-20,K03000001,Great Britain,all-retailing-including-automotive-fuel,All retailing including automotive fuel,chained-volume-of-retail-sales,Chained volume of retail sales,seasonal-adjustment,Seasonally Adjusted
-4.5,,Nov-20,Nov-20,K03000001,Great Britain,all-retailing-including-automotive-fuel,All retailing including automotive fuel,chained-volume-percentage-change-on-previous-month,Chained volume - Percentage change on previous month,seasonal-adjustment,Seasonally Adjusted
106.1,,Nov-20,Nov-20,K03000001,Great Britain,all-retailing-including-automotive-fuel,All retailing including automotive fuel,chained-volume-of-retail-sales,Chained volume of retail sales,seasonal-adjustment,Seasonally Adjusted
1.0,,Dec-20,Dec-20,K03000001,Great Britain,all-retailing-including-automotive-fuel,All retailing including automotive fuel,chained-volume-percentage-change-on-previous-month,Chained volume - Percentage change on previous month,seasonal-adjustment,Seasonally Adjusted
107.1,,Dec-20,Dec-20,K03000001,Great Britain,all-retailing-including-automotive-fuel,All retailing including automotive fuel,chained-volume-of-retail-sales,Chained volume of retail sales,seasonal-adjustment,Seasonally Adjusted
-7.5,,Jan-21,Jan-21,K03000001,Great Britain,all-retailing-including-automotive-fuel,All retailing including automotive fuel,chained-volume-percentage-change-on-previous-month,Chained volume - Percentage change on previous month,seasonal-adjustment,Seasonally Adjusted
99.1,,Jan-21,Jan-21,K03000001,Great Britain,all-retailing-including-automotive-fuel,All retailing including automotive fuel,chained-volume-of-retail-sales,Chained volume of retail sales,seasonal-adjustment,Seasonally Adjusted
0.9,,Feb-21,Feb-21,K03000001,Great Britain,all-retailing-including-automotive-fuel,All retailing including automotive fuel,chained-volume-percentage-change-on-previous-month,Chained volume - Percentage change on previous month,seasonal-adjustment,Seasonally Adjusted
100.0,,Feb-21,Feb-21,K03000001,Great Britain,all-retailing-including-automotive-fuel,All retailing including automotive fuel,chained-volume-of-retail-sales,Chained volume of retail sales,seasonal-adjustment,Seasonally Adjusted
4.1,,Mar-21,Mar-21,K03000001,Great Britain,all-retailing-including-automotive-fuel,All retailing including automotive fuel,chained-volume-percentage-change-on-previous-month,Chained volume - Percentage change on previous month,seasonal-adjustment,Seasonally Adjusted
104.0,,Mar-21,Mar-21,K03000001,Great Britain,all-retailing-including-automotive-fuel,All retailing including automotive fuel,chained-volume-of-retail-sales,Chained volume of retail sales,seasonal-adjustment,Seasonally Adjusted
112.6,,Apr-21,Apr-21,K03000001,Great Britain,all-retailing-including-automotive-fuel,All retailing including automotive fuel,chained-volume-of-retail-sales,Chained volume of retail sales,seasonal-adjustment,Seasonally Adjusted
8.2,,Apr-21,Apr-21,K03000001,Great Britain,all-retailing-including-automotive-fuel,All retailing including automotive fuel,chained-volume-percentage-change-on-previous-month,Chained volume - Percentage change on previous month,seasonal-adjustment,Seasonally Adjusted
-1.9,,May-21,May-21,K03000001,Great Britain,all-retailing-including-automotive-fuel,All retailing including automotive fuel,chained-volume-percentage-change-on-previous-month,Chained volume - Percentage change on previous month,seasonal-adjustment,Seasonally Adjusted
110.5,,May-21,May-21,K03000001,Great Britain,all-retailing-including-automotive-fuel,All retailing including automotive fuel,chained-volume-of-retail-sales,Chained volume of retail sales,seasonal-adjustment,Seasonally Adjusted
111.4,,Jun-21,Jun-21,K03000001,Great Britain,all-retailing-including-automotive-fuel,All retailing including automotive fuel,chained-volume-of-retail-sales,Chained volume of retail sales,seasonal-adjustment,Seasonally Adjusted
0.8,,Jun-21,Jun-21,K03000001,Great Britain,all-retailing-including-automotive-fuel,All retailing including automotive fuel,chained-volume-percentage-change-on-previous-month,Chained volume - Percentage change on previous month,seasonal-adjustment,Seasonally Adjusted
-2.4,,Jul-21,Jul-21,K03000001,Great Britain,all-retailing-including-automotive-fuel,All retailing including automotive fuel,chained-volume-percentage-change-on-previous-month,Chained volume - Percentage change on previous month,seasonal-adjustment,Seasonally Adjusted
108.7,,Jul-21,Jul-21,K03000001,Great Britain,all-retailing-including-automotive-fuel,All retailing including automotive fuel,chained-volume-of-retail-sales,Chained volume of retail sales,seasonal-adjustment,Seasonally Adjusted
0.3,,Aug-21,Aug-21,K03000001,Great Britain,all-retailing-including-automotive-fuel,All retailing including automotive fuel,chained-volume-percentage-change-on-previous-month,Chained volume - Percentage change on previous month,seasonal-adjustment,Seasonally Adjusted
109.0,,Aug-21,Aug-21,K03000001,Great Britain,all-retailing-including-automotive-fuel,All retailing including automotive fuel,chained-volume-of-retail-sales,Chained volume of retail sales,seasonal-adjustment,Seasonally Adjusted
108.9,,Sep-21,Sep-21,K03000001,Great Britain,all-retailing-including-automotive-fuel,All retailing including automotive fuel,chained-volume-of-retail-sales,Chained volume of retail sales,seasonal-adjustment,Seasonally Adjusted
-0.1,,Sep-21,Sep-21,K03000001,Great Britain,all-retailing-including-automotive-fuel,All retailing including automotive fuel,chained-volume-percentage-change-on-previous-month,Chained volume - Percentage change on previous month,seasonal-adjustment,Seasonally Adjusted
-0.3,,Oct-21,Oct-21,K03000001,Great Britain,all-retailing-including-automotive-fuel,All retailing including automotive fuel,chained-volume-percentage-change-on-previous-month,Chained volume - Percentage change on previous month,seasonal-adjustment,Seasonally Adjusted
108.6,,Oct-21,Oct-21,K03000001,Great Britain,all-retailing-including-automotive-fuel,All retailing including automotive fuel,chained-volume-of-retail-sales,Chained volume of retail sales,seasonal-adjustment,Seasonally Adjusted
108.5,,Nov-21,Nov-21,K03000001,Great Britain,all-retailing-including-automotive-fuel,All retailing including automotive fuel,chained-volume-of-retail-sales,Chained volume of retail sales,seasonal-adjustment,Seasonally Adjusted
-0.1,,Nov-21,Nov-21,K03000001,Great Britain,all-retailing-including-automotive-fuel,All retailing including automotive fuel,chained-volume-percentage-change-on-previous-month,Chained volume - Percentage change on previous month,seasonal-adjustment,Seasonally Adjusted
108.6,,Dec-21,Dec-21,K03000001,Great Britain,all-retailing-including-automotive-fuel,All retailing including automotive fuel,chained-volume-of-retail-sales,Chained volume of retail sales,seasonal-adjustment,Seasonally Adjusted
0.1,,Dec-21,Dec-21,K03000001,Great Britain,all-retailing-including-automotive-fuel,All retailing including automotive fuel,chained-volume-percentage-change-on-previous-month,Chained volume - Percentage change on previous month,seasonal-adjustment,Seasonally Adjusted
107.7,,Jan-22,Jan-22,K03000001,Great Britain,all-retailing-including-automotive-fuel,All retailing including automotive fuel,chained-volume-of-retail-sales,Chained volume of retail sales,seasonal-adjustment,Seasonally Adjusted
-0.8,,Jan-22,Jan-22,K03000001,Great Britain,all-retailing-including-automotive-fuel,All retailing including automotive fuel,chained-volume-percentage-change-on-previous-month,Chained volume - Percentage change on previous month,seasonal-adjustment,Seasonally Adjusted
106.4,,Feb-22,Feb-22,K03000001,Great Britain,all-retailing-including-automotive-fuel,All retailing including automotive fuel,chained-volume-of-retail-sales,Chained volume of retail sales,seasonal-adjustment,Seasonally Adjusted
-1.3,,Feb-22,Feb-22,K03000001,Great Britain,all-retailing-including-automotive-fuel,All retailing including automotive fuel,chained-volume-percentage-change-on-previous-month,Chained volume - Percentage change on previous month,seasonal-adjustment,Seasonally Adjusted
-0.8,,Mar-22,Mar-22,K03000001,Great Britain,all-retailing-including-automotive-fuel,All retailing including automotive fuel,chained-volume-percentage-change-on-previous-month,Chained volume - Percentage change on previous month,seasonal-adjustment,Seasonally Adjusted
105.6,,Mar-22,Mar-22,K03000001,Great Britain,all-retailing-including-automotive-fuel,All retailing including automotive fuel,chained-volume-of-retail-sales,Chained volume of retail sales,seasonal-adjustment,Seasonally Adjusted
-0.9,,Apr-22,Apr-22,K03000001,Great Britain,all-retailing-including-automotive-fuel,All retailing including automotive fuel,chained-volume-percentage-change-on-previous-month,Chained volume - Percentage change on previous month,seasonal-adjustment,Seasonally Adjusted
104.7,,Apr-22,Apr-22,K03000001,Great Britain,all-retailing-including-automotive-fuel,All retailing including automotive fuel,chained-volume-of-retail-sales,Chained volume of retail sales,seasonal-adjustment,Seasonally Adjusted
-1.3,,May-22,May-22,K03000001,Great Britain,all-retailing-including-automotive-fuel,All retailing including automotive fuel,chained-volume-percentage-change-on-previous-month,Chained volume - Percentage change on previous month,seasonal-adjustment,Seasonally Adjusted
103.3,,May-22,May-22,K03000001,Great Britain,all-retailing-including-automotive-fuel,All retailing including automotive fuel,chained-volume-of-retail-sales,Chained volume of retail sales,seasonal-adjustment,Seasonally Adjusted
103.3,,Jun-22,Jun-22,K03000001,Great Britain,all-retailing-including-automotive-fuel,All retailing including automotive fuel,chained-volume-of-retail-sales,Chained volume of retail sales,seasonal-adjustment,Seasonally Adjusted
0.0,,Jun-22,Jun-22,K03000001,Great Britain,all-retailing-including-automotive-fuel,All retailing including automotive fuel,chained-volume-percentage-change-on-previous-month,Chained volume - Percentage change on previous month,seasonal-adjustment,Seasonally Adjusted
103.4,,Jul-22,Jul-22,K03000001,Great Britain,all-retailing-including-automotive-fuel,All retailing including automotive fuel,chained-volume-of-retail-sales,Chained volume of retail sales,seasonal-adjustment,Seasonally Adjusted
0.1,,Jul-22,Jul-22,K03000001,Great Britain,all-retailing-including-automotive-fuel,All retailing including automotive fuel,chained-volume-percentage-change-on-previous-month,Chained volume - Percentage change on previous month,seasonal-adjustment,Seasonally Adjusted
-1.7,,Aug-22,Aug-22,K03000001,Great Britain,all-retailing-including-automotive-fuel,All retailing including automotive fuel,chained-volume-percentage-change-on-previous-month,Chained volume - Percentage change on previous month,seasonal-adjustment,Seasonally Adjusted
101.7,,Aug-22,Aug-22,K03000001,Great Britain,all-retailing-including-automotive-fuel,All retailing including automotive fuel,chained-volume-of-retail-sales,Chained volume of retail sales,seasonal-adjustment,Seasonally Adjusted
-1.4,,Sep-22,Sep-22,K03000001,Great Britain,all-retailing-including-automotive-fuel,All retailing including automotive fuel,chained-volume-percentage-change-on-previous-month,Chained volume - Percentage change on previous month,seasonal-adjustment,Seasonally Adjusted
100.3,,Sep-22,Sep-22,K03000001,Great Britain,all-retailing-including-automotive-fuel,All retailing including automotive fuel,chained-volume-of-retail-sales,Chained volume of retail sales,seasonal-adjustment,Seasonally Adjusted
1.3,,Oct-22,Oct-22,K03000001,Great Britain,all-retailing-including-automotive-fuel,All retailing including automotive fuel,chained-volume-percentage-change-on-previous-month,Chained volume - Percentage change on previous month,seasonal-adjustment,Seasonally Adjusted
101.6,,Oct-22,Oct-22,K03000001,Great Britain,all-retailing-including-automotive-fuel,All retailing including automotive fuel,chained-volume-of-retail-sales,Chained volume of retail sales,seasonal-adjustment,Seasonally Adjusted
-0.9,,Nov-22,Nov-22,K03000001,Great Britain,all-retailing-including-automotive-fuel,All retailing including automotive fuel,chained-volume-percentage-change-on-previous-month,Chained volume - Percentage change on previous month,seasonal-adjustment,Seasonally Adjusted
100.7,,Nov-22,Nov-22,K03000001,Great Britain,all-retailing-including-automotive-fuel,All retailing including automotive fuel,chained-volume-of-retail-sales,Chained volume of retail sales,seasonal-adjustment,Seasonally Adjusted
100.9,,Dec-22,Dec-22,K03000001,Great Britain,all-retailing-including-automotive-fuel,All retailing including automotive fuel,chained-volume-of-retail-sales,Chained volume of retail sales,seasonal-adjustment,Seasonally Adjusted
0.2,,Dec-22,Dec-22,K03000001,Great Britain,all-retailing-including-automotive-fuel,All retailing including automotive fuel,chained-volume-percentage-change-on-previous-month,Chained volume - Percentage change on previous month,seasonal-adjustment,Seasonally Adjusted
101.1,,Jan-23,Jan-23,K03000001,Great Britain,all-retailing-including-automotive-fuel,All retailing including automotive fuel,chained-volume-of-retail-sales,Chained volume of retail sales,seasonal-adjustment,Seasonally Adjusted
0.2,,Jan-23,Jan-23,K03000001,Great Britain,all-retailing-including-automotive-fuel,All retailing including automotive fuel,chained-volume-percentage-change-on-previous-month,Chained volume - Percentage change on previous month,seasonal-adjustment,Seasonally Adjusted
101.3,,Feb-23,Feb-23,K03000001,Great Britain,all-retailing-including-automotive-fuel,All retailing including automotive fuel,chained-volume-of-retail-sales,Chained volume of retail sales,seasonal-adjustment,Seasonally Adjusted
0.2,,Feb-23,Feb-23,K03000001,Great Britain,all-retailing-including-automotive-fuel,All retailing including automotive fuel,chained-volume-percentage-change-on-previous-month,Chained volume - Percentage change on previous month,seasonal-adjustment,Seasonally Adjusted
100.1,,Mar-23,Mar-23,K03000001,Great Britain,all-retailing-including-automotive-fuel,All retailing including automotive fuel,chained-volume-of-retail-sales,Chained volume of retail sales,seasonal-adjustment,Seasonally Adjusted
-1.2,,Mar-23,Mar-23,K03000001,Great Britain,all-retailing-including-automotive-fuel,All retailing including automotive fuel,chained-volume-percentage-change-on-previous-month,Chained volume - Percentage change on previous month,seasonal-adjustment,Seasonally Adjusted
101.3,,Apr-23,Apr-23,K03000001,Great Britain,all-retailing-including-automotive-fuel,All retailing including automotive fuel,chained-volume-of-retail-sales,Chained volume of retail sales,seasonal-adjustment,Seasonally Adjusted
1.2,,Apr-23,Apr-23,K03000001,Great Britain,all-retailing-including-automotive-fuel,All retailing including automotive fuel,chained-volume-percentage-change-on-previous-month,Chained volume - Percentage change on previous month,seasonal-adjustment,Seasonally Adjusted
100.3,,May-23,May-23,K03000001,Great Britain,all-retailing-including-automotive-fuel,All retailing including automotive fuel,chained-volume-of-retail-sales,Chained volume of retail sales,seasonal-adjustment,Seasonally Adjusted
-0.9,,May-23,May-23,K03000001,Great Britain,all-retailing-including-automotive-fuel,All retailing including automotive fuel,chained-volume-percentage-change-on-previous-month,Chained volume - Percentage change on previous month,seasonal-adjustment,Seasonally Adjusted
101.3,,Jun-23,Jun-23,K03000001,Great Britain,all-retailing-including-automotive-fuel,All retailing including automotive fuel,chained-volume-of-retail-sales,Chained volume of retail sales,seasonal-adjustment,Seasonally Adjusted
0.9,,Jun-23,Jun-23,K03000001,Great Britain,all-retailing-including-automotive-fuel,All retailing including automotive fuel,chained-volume-percentage-change-on-previous-month,Chained volume - Percentage change on previous month,seasonal-adjustment,Seasonally Adjusted
99.7,,Jul-23,Jul-23,K03000001,Great Britain,all-retailing-including-automotive-fuel,All retailing including automotive fuel,chained-volume-of-retail-sales,Chained volume of retail sales,seasonal-adjustment,Seasonally Adjusted
-1.5,,Jul-23,Jul-23,K03000001,Great Britain,all-retailing-including-automotive-fuel,All retailing including automotive fuel,chained-volume-percentage-change-on-previous-month,Chained volume - Percentage change on previous month,seasonal-adjustment,Seasonally Adjusted
99.8,,Aug-23,Aug-23,K03000001,Great Britain,all-retailing-including-automotive-fuel,All retailing including automotive fuel,chained-volume-of-retail-sales,Chained volume of retail sales,seasonal-adjustment,Seasonally Adjusted
0.1,,Aug-23,Aug-23,K03000001,Great Britain,all-retailing-including-automotive-fuel,All retailing including automotive fuel,chained-volume-percentage-change-on-previous-month,Chained volume - Percentage change on previous month,seasonal-adjustment,Seasonally Adjusted
98.6,,Sep-23,Sep-23,K03000001,Great Britain,all-retailing-including-automotive-fuel,All retailing including automotive fuel,chained-volume-of-retail-sales,Chained volume of retail sales,seasonal-adjustment,Seasonally Adjusted
-1.3,,Sep-23,Sep-23,K03000001,Great Britain,all-retailing-including-automotive-fuel,All retailing including automotive fuel,chained-volume-percentage-change-on-previous-month,Chained volume - Percentage change on previous month,seasonal-adjustment,Seasonally Adjusted
99.2,,Oct-23,Oct-23,K03000001,Great Britain,all-retailing-including-automotive-fuel,All retailing including automotive fuel,chained-volume-of-retail-sales,Chained volume of retail sales,seasonal-adjustment,Seasonally Adjusted
0.6,,Oct-23,Oct-23,K03000001,Great Britain,all-retailing-including-automotive-fuel,All retailing including automotive fuel,chained-volume-percentage-change-on-previous-month,Chained volume - Percentage change on previous month,seasonal-adjustment,Seasonally Adjusted
100.8,,Nov-23,Nov-23,K03000001,Great Britain,all-retailing-including-automotive-fuel,All retailing including automotive fuel,chained-volume-of-retail-sales,Chained volume of retail sales,seasonal-adjustment,Seasonally Adjusted
1.6,,Nov-23,Nov-23,K03000001,Great Britain,all-retailing-including-automotive-fuel,All retailing including automotive fuel,chained-volume-percentage-change-on-previous-month,Chained volume - Percentage change on previous month,seasonal-adjustment,Seasonally Adjusted
-3.4,,Dec-23,Dec-23,K03000001,Great Britain,all-retailing-including-automotive-fuel,All retailing including automotive fuel,chained-volume-percentage-change-on-previous-month,Chained volume - Percentage change on previous month,seasonal-adjustment,Seasonally Adjusted
97.3,,Dec-23,Dec-23,K03000001,Great Britain,all-retailing-including-automotive-fuel,All retailing including automotive fuel,chained-volume-of-retail-sales,Chained volume of retail sales,seasonal-adjustment,Seasonally Adjusted
3.4,,Jan-24,Jan-24,K03000001,Great Britain,all-retailing-including-automotive-fuel,All retailing including automotive fuel,chained-volume-percentage-change-on-previous-month,Chained volume - Percentage change on previous month,seasonal-adjustment,Seasonally Adjusted
100.6,,Jan-24,Jan-24,K03000001,Great Britain,all-retailing-including-automotive-fuel,All retailing including automotive fuel,chained-volume-of-retail-sales,Chained volume of retail sales,seasonal-adjustment,Seasonally Adjusted
100.3,,Feb-24,Feb-24,K03000001,Great Britain,all-retailing-including-automotive-fuel,All retailing including automotive fuel,chained-volume-of-retail-sales,Chained volume of retail sales,seasonal-adjustment,Seasonally Adjusted
-0.3,,Feb-24,Feb-24,K03000001,Great Britain,all-retailing-including-automotive-fuel,All retailing including automotive fuel,chained-volume-percentage-change-on-previous-month,Chained volume - Percentage change on previous month,seasonal-adjustment,Seasonally Adjusted
-0.2,,Mar-24,Mar-24,K03000001,Great Britain,all-retailing-including-automotive-fuel,All retailing including automotive fuel,chained-volume-percentage-change-on-previous-month,Chained volume - Percentage change on previous month,seasonal-adjustment,Seasonally Adjusted
100.1,,Mar-24,Mar-24,K03000001,Great Britain,all-retailing-including-automotive-fuel,All retailing including automotive fuel,chained-volume-of-retail-sales,Chained volume of retail sales,seasonal-adjustment,Seasonally Adjusted
98.5,,Apr-24,Apr-24,K03000001,Great Britain,all-retailing-including-automotive-fuel,All retailing including automotive fuel,chained-volume-of-retail-sales,Chained volume of retail sales,seasonal-adjustment,Seasonally Adjusted
-1.7,,Apr-24,Apr-24,K03000001,Great Britain,all-retailing-including-automotive-fuel,All retailing including automotive fuel,chained-volume-percentage-change-on-previous-month,Chained volume - Percentage change on previous month,seasonal-adjustment,Seasonally Adjusted
2.9,,May-24,May-24,K03000001,Great Britain,all-retailing-including-automotive-fuel,All retailing including automotive fuel,chained-volume-percentage-change-on-previous-month,Chained volume - Percentage change on previous month,seasonal-adjustment,Seasonally Adjusted
101.3,,May-24,May-24,K03000001,Great Britain,all-retailing-including-automotive-fuel,All retailing including automotive fuel,chained-volume-of-retail-sales,Chained volume of retail sales,seasonal-adjustment,Seasonally Adjusted
-1.5,,Jun-24,Jun-24,K03000001,Great Britain,all-retailing-including-automotive-fuel,All retailing including automotive fuel,chained-volume-percentage-change-on-previous-month,Chained volume - Percentage change on previous month,seasonal-adjustment,Seasonally Adjusted
99.8,,Jun-24,Jun-24,K03000001,Great Britain,all-retailing-including-automotive-fuel,All retailing including automotive fuel,chained-volume-of-retail-sales,Chained volume of retail sales,seasonal-adjustment,Seasonally Adjusted
0.5,,Jul-24,Jul-24,K03000001,Great Britain,all-retailing-including-automotive-fuel,All retailing including automotive fuel,chained-volume-percentage-change-on-previous-month,Chained volume - Percentage change on previous month,seasonal-adjustment,Seasonally Adjusted
100.2,,Jul-24,Jul-24,K03000001,Great Britain,all-retailing-including-automotive-fuel,All retailing including automotive fuel,chained-volume-of-retail-sales,Chained volume of retail sales,seasonal-adjustment,Seasonally Adjusted
100.9,,Aug-24,Aug-24,K03000001,Great Britain,all-retailing-including-automotive-fuel,All retailing including automotive fuel,chained-volume-of-retail-sales,Chained volume of retail sales,seasonal-adjustment,Seasonally Adjusted
0.6,,Aug-24,Aug-24,K03000001,Great Britain,all-retailing-including-automotive-fuel,All retailing including automotive fuel,chained-volume-percentage-change-on-previous-month,Chained volume - Percentage change on previous month,seasonal-adjustment,Seasonally Adjusted
100.7,,Sep-24,Sep-24,K03000001,Great Britain,all-retailing-including-automotive-fuel,All retailing including automotive fuel,chained-volume-of-retail-sales,Chained volume of retail sales,seasonal-adjustment,Seasonally Adjusted
-0.2,,Sep-24,Sep-24,K03000001,Great Britain,all-retailing-including-automotive-fuel,All retailing including automotive fuel,chained-volume-percentage-change-on-previous-month,Chained volume - Percentage change on previous month,seasonal-adjustment,Seasonally Adjusted
-0.7,,Oct-24,Oct-24,K03000001,Great Britain,all-retailing-including-automotive-fuel,All retailing including automotive fuel,chained-volume-percentage-change-on-previous-month,Chained volume - Percentage change on previous month,seasonal-adjustment,Seasonally Adjusted
100.0,,Oct-24,Oct-24,K03000001,Great Britain,all-retailing-including-automotive-fuel,All retailing including automotive fuel,chained-volume-of-retail-sales,Chained volume of retail sales,seasonal-adjustment,Seasonally Adjusted
0.1,,Nov-24,Nov-24,K03000001,Great Britain,all-retailing-including-automotive-fuel,All retailing including automotive fuel,chained-volume-percentage-change-on-previous-month,Chained volume - Percentage change on previous month,seasonal-adjustment,Seasonally Adjusted
100.1,,Nov-24,Nov-24,K03000001,Great Britain,all-retailing-including-automotive-fuel,All retailing including automotive fuel,chained-volume-of-retail-sales,Chained volume of retail sales,seasonal-adjustment,Seasonally Adjusted
-0.1,,Dec-24,Dec-24,K03000001,Great Britain,all-retailing-including-automotive-fuel,All retailing including automotive fuel,chained-volume-percentage-change-on-previous-month,Chained volume - Percentage change on previous month,seasonal-adjustment,Seasonally Adjusted
100.1,,Dec-24,Dec-24,K03000001,Great Britain,all-retailing-including-automotive-fuel,All retailing including automotive fuel,chained-volume-of-retail-sales,Chained volume of retail sales,seasonal-adjustment,Seasonally Adjusted
