Date	ActualValue	ForecastValue	PreviousValue
2026.06.23	53.1	54.3	53.9
2026.06.01	53.9	53.7	53.7
2026.05.21	53.7	53.8	53.7
2026.05.01	53.7	53.6	53.6
2026.04.23	53.6	50.4	51.0
2026.04.01	51.0	51.4	51.4
2026.03.24	51.4	52.4	51.7
2026.03.02	51.7	52.0	52.0
2026.02.20	52.0		50.6
2026.01.02	50.6		51.2
2025.12.16	51.2	50.2	50.2
2025.12.01	50.2	50.2	50.2
2025.11.21	50.2	50.2	49.7
2025.11.03	49.7	49.6	49.6
2025.10.24	49.6		46.2
2025.10.01	46.2		46.2
2025.09.23	46.2	46.4	47.0
2025.09.01	47.0	47.3	47.3
2025.08.21	47.3	48.2	48.0
2025.08.01	48.0	48.2	48.2
2025.07.24	48.2	47.6	47.7
2025.07.01	47.7	47.7	47.7
2025.06.23	47.7	46.7	46.4
2025.06.02	46.4	45.1	45.1
2025.05.22	45.1	45.8	45.4
2025.05.01	45.4	44.0	44.0
2025.04.23	44.0	44.2	44.9
2025.04.01	44.9	44.6	44.6
2025.03.24	44.6	45.7	46.9
2025.03.03	46.9	46.4	46.4
2025.02.21	46.4	48.3	48.3
2025.02.03	48.3	48.2	48.2
2025.01.24	48.2	46.5	47.0
2025.01.02	47.0	47.3	47.3
2024.12.16	47.3	47.9	48.0
2024.12.02	48.0	48.6	48.6
2024.11.22	48.6	50.2	49.9
2024.11.01	49.9	50.3	50.3
2024.10.24	50.3	52.1	51.5
2024.10.01	51.5	51.5	51.5
2024.09.23	51.5	53.2	52.5
2024.09.02	52.5	52.5	52.5
2024.08.22	52.5	50.3	52.1
2024.08.01	52.1	51.8	51.8
2024.07.24	51.8	52.6	50.9
2024.07.01	50.9	51.4	51.4
2024.06.21	51.4	50.5	51.2
2024.06.03	51.2	51.3	51.3
2024.05.23	51.3	50.0	49.1
2024.05.01	49.1	48.7	48.7
2024.04.23	48.7	50.0	50.3
2024.04.02	50.3	49.9	49.9
2024.03.21	49.9	47.4	47.5
2024.03.01	47.5	47.1	47.1
2024.02.22	47.1	47.4	47.0
2024.02.01	47.0	47.3	47.3
2024.01.24	47.3	46.4	46.2
2024.01.02	46.2	46.4	46.4
2023.12.15	46.4	46.9	47.2
2023.12.01	47.2	46.7	46.7
2023.11.23	46.7	44.9	44.8
2023.11.01	44.8	45.2	45.2
2023.10.24	45.2	45.3	44.3
2023.10.02	44.3	44.2	44.2
2023.09.22	44.2	42.2	43.0
2023.09.01	43.0	42.5	42.5
2023.08.23	42.5	44.4	45.3
2023.08.01	45.3	45.0	45.0
2023.07.24	45.0	46.3	46.5
2023.07.03	46.5	46.2	46.2
2023.06.23	46.2	46.9	47.1
2023.06.01	47.1	46.9	46.9
2023.05.23	46.9	47.1	47.8
2023.05.02	47.8	46.6	46.6
2023.04.21	46.6	47.9	47.9
2023.04.03	47.9	48.0	48.0
2023.03.24	48.0	49.2	49.3
2023.03.01	49.3	49.2	49.2
2023.02.21	49.2	46.8	47.0
2023.02.01	47.0	46.7	46.7
2023.01.24	46.7	45.0	45.3
2023.01.03	45.3	44.7	44.7
2022.12.16	44.7	46.5	46.5
2022.12.01	46.5	46.2	46.2
2022.11.23	46.2	46.0	46.2
2022.11.01	46.2	45.8	45.8
2022.10.24	45.8	48.0	48.4
2022.10.03	48.4	48.5	48.5
2022.09.23	48.5	46.7	47.3
2022.09.01	47.3	46.0	46.0
2022.08.23	46.0	52.2	52.1
2022.08.01	52.1	52.2	52.2
2022.07.22	52.2	53.2	52.8
2022.07.01	52.8	53.4	53.4
2022.06.23	53.4	54.6	54.6
2022.06.01	54.6	54.6	54.6
2022.05.24	54.6	55.3	55.8
2022.05.03	55.8	55.3	55.3
2022.04.22	55.3	55.4	55.2
2022.04.01	55.2	55.5	55.5
2022.03.24	55.5	57.7	58.0
2022.03.01	58.0	57.3	57.3
2022.02.21	57.3	57.1	57.3
2022.02.01	57.3	56.9	56.9
2022.01.24	56.9	57.8	57.9
2022.01.04	57.9	57.6	57.6
2021.12.16	57.6	58.2	58.1
2021.12.01	58.1	58.2	58.2
2021.11.23	58.2	57.8	57.8
2021.11.01	57.8	57.7	57.7
2021.10.22	57.7	56.7	57.1
2021.10.01	57.1	56.3	56.3
2021.09.23	56.3	60.2	60.3
2021.09.01	60.3	60.1	60.1
2021.08.23	60.1	60.4	60.4
2021.08.02	60.4	60.4	60.4
2021.07.23	60.4	64.1	63.9
2021.07.01	63.9	64.2	64.2
2021.06.23	64.2	66.0	65.6
2021.06.01	65.6	66.1	66.1
2021.05.21	66.1	60.9	60.9
2021.05.04	60.9	60.7	60.7
2021.04.23	60.7	58.4	58.9
2021.04.01	58.9	57.9	57.9
2021.03.24	57.9	55.0	55.1
2021.03.01	55.1	54.9	54.9
2021.02.19	54.9	53.5	54.1
2021.02.01	54.1	52.9	52.9
2021.01.22	52.9	57.4	57.5
2021.01.04	57.5	57.3	57.3
2020.12.16	57.3	55.4	55.6
2020.12.01	55.6	55.2	55.2
2020.11.23	55.2	53.5	53.7
2020.11.02	53.7	53.3	53.3
2020.10.23	53.3	54.2	54.1
2020.10.01	54.1	54.3	54.3
2020.09.23	54.3	55.2	55.2
2020.09.01	55.2	55.3	55.3
2020.08.21	55.3	49.6	53.3
2020.08.03	53.3	53.6	53.6
2020.07.24	53.6	50.1	50.1
2020.07.01	50.1	50.1	50.1
2020.06.23	50.1	37.2	40.7
2020.06.01	40.7	40.6	40.6
2020.05.21	40.6	38.9	32.6
2020.05.01	32.6	32.9	32.9
2020.04.23	32.9	50.7	47.8
2020.04.01	47.8	48.0	48.0
2020.03.24	48.0	51.8	51.7
2020.03.02	51.7	51.9	51.9
2020.02.21	51.9	48.1	50.0
2020.02.03	50.0	49.8	49.8
2020.01.24	49.8	47.6	47.5
2020.01.02	47.5	47.4	47.4
2019.12.16	47.4	50.7	48.9
2019.12.02	48.9	48.3	48.3
2019.11.22	48.3	49.0	49.6
2019.11.01	49.6	47.8	48.3
2019.10.01	48.3	47.9	47.4
2019.09.02	47.4	48.8	48.0
2019.08.01	48.0	50.7	48.0
2019.07.01	48.0	52.7	49.4
2019.06.03	49.4	53.4	53.1
2019.05.01	53.1	53.2	55.1
2019.04.01	55.1	53.0	52.0
2019.03.01	52.0	53.2	52.8
2019.02.01	52.8	52.7	54.2
2019.01.02	54.2	52.6	53.1
2018.12.03	53.1	52.8	51.1
2018.11.01	51.1	53.6	53.8
2018.10.01	53.8	53.2	52.8
2018.09.03	52.8	55.0	54.0
2018.08.01	54.0	55.1	54.4
2018.07.02	54.4	54.0	54.4
2018.06.01	54.4	53.3	53.9
2018.05.01	53.9	55.3	55.1
2018.04.03	55.1	55.9	55.2
2018.03.01	55.2	56.7	55.3
2018.02.01	55.3	57.3	56.3
2018.01.02	56.3	57.3	58.2
2017.12.01	58.2	56.1	56.3
2017.11.01	56.3	54.9	55.9
2017.10.02	55.9	56.0	56.9
2017.09.01	56.9	54.7	55.1
2017.08.01	55.1	55.5	54.3
2017.07.03	54.3		56.3
2017.06.01	56.7		57.3
2017.05.02	57.3		54.2
2017.04.03	54.2		54.5
2017.03.01	54.6		55.9
2017.02.01	55.9		56.1
2017.01.03	56.1		53.6
2016.12.01	53.4		54.2
2016.11.01	54.3		55.5
2016.10.03	55.4		53.3
2016.09.01	53.3		48.3
2016.08.01	48.2		52.1
2016.07.01	52.1		50.1
2016.06.01	50.1		49.2
2016.05.03	49.2		51.0
2016.04.01	51.0		50.8
2016.03.01	50.8		52.9
2016.02.01	52.9		52.1
2016.01.04	51.9		52.7
2015.12.01	52.7		55.2
2015.11.02	55.5		51.5
2015.10.01	51.5		51.6
2015.09.01	51.5		51.9
2015.08.03	51.9		51.4
2015.07.01	51.4		51.9
2015.06.01	52.0		51.8
2015.05.01	51.9		54.4
2015.04.01	54.4		54.1
2015.03.02	54.1		53.0
2015.02.02	53.1		52.5
2015.01.02	52.7		53.5
2014.12.01	53.3		53.2
2014.11.03	53.3		51.6
2014.10.01	51.5		52.5
2014.09.01	52.2		55.4
2014.08.01	54.8		57.5
2014.07.01	57.5		57.0
2014.06.02	57.0		57.3
2014.05.01	57.3		55.3
2014.04.01	55.8		56.9
2014.03.03	56.2		56.7
2014.02.03	56.7		57.3
2014.01.02	57.2		58.4
2013.12.02	58.1		56.0
2013.11.01	56.5		56.7
2013.10.01	56.3		57.2
2013.09.02	57.2		54.6
2013.08.01	54.8		52.5
2013.07.01	52.5		51.3
2013.06.03	51.5		49.8
2013.05.01	50.2		48.3
2013.04.02	48.6		47.9
2013.03.01	47.9		50.8
2013.02.01	50.5		51.4
2013.01.02	51.2		49.1
2012.12.03	49.2		47.5
2012.11.01	47.3		48.4
2012.10.01	48.1		49.5
2012.09.03	49.5		45.4
2012.08.01	45.2		48.6
2012.07.02	48.4		45.9
2012.06.01	45.9		50.5
2012.05.01	50.2		52.1
2012.04.02	51.9		51.2
2012.03.01	51.5		52.1
2012.02.01	52.0		49.6
2012.01.03	49.7		47.6
2011.12.01	47.7		47.4
2011.11.01	47.8		51.1
2011.10.03	50.8		49.0
2011.09.01	49.4		49.1
2011.08.01	49.4		51.3
2011.07.01	51.4		52.1
2011.06.01	52.0		54.6
2011.05.03	54.4		57.1
2011.04.01	56.7		61.5
2011.03.01	60.9		62.0
2011.02.01	61.5		58.7
2011.01.04	58.7		58.0
2010.12.01	57.5		54.9
2010.11.01	55.4		53.4
2010.10.01	53.4		54.3
2010.09.01	53.7		57.3
2010.08.02	56.9		57.5
2010.07.01	57.5		58.0
2010.06.01	58.0		58.0
2010.05.04	58.0		57.2
2010.04.01	57.2		56.6
2010.03.01	56.6		56.7
2010.02.01	56.6		51.8
2010.01.04	54.1		54.6
2009.12.01	54.6		53.7
2009.11.02	53.4		49.5
2009.10.01	49.5		49.7
2009.09.01	49.7		50.8
2009.08.03	50.2		47.0
2009.07.01	47.0		45.4
2009.06.01	45.4		42.9
2009.05.01	43.1		39.1
2009.04.01	39.5		34.7
2009.03.02	34.7		35.8
2009.02.02	35.8		34.9
2009.01.02	34.9		34.4
2008.12.01	34.4		41.5
2008.11.03	41.5		41.0
2008.10.01	41.2		45.9
2008.09.01	45.9		44.3
2008.08.01	44.1		45.8
2008.07.01	45.8		50.0
2008.06.02	50.0		51.0
2008.05.01	50.8		51.3
2008.04.01	51.3		51.3
2008.03.03	51.3		50.6
2008.02.01	50.7		52.9
2008.01.02	52.4		54.4
2007.12.03	54.3		52.9
2007.11.01	52.8		55.1
2007.10.01	54.7		56.3
2007.09.03	56.1		55.7
2007.08.01	55.9		54.3
2007.07.02	54.7		54.9
2007.06.01	54.7		53.9
2007.05.01	54.1		54.4
2007.04.02	54.2		55.4
2007.03.01	55.4		52.8
